Date,Close,High,Low,Open,Volume
2020-01-02,118.43034362792969,118.43874578267754,116.894247864113,117.3391265882161,10803700
2020-01-03,116.86746978759766,117.61932738145413,115.8030460933789,116.15785399145182,10386800
2020-01-06,116.77454376220703,116.80834235675412,115.31307036252512,115.36375536395883,10259000
2020-01-07,114.789306640625,116.46197611772448,114.7386216398624,115.97199962637478,10531300
2020-01-08,115.68477630615234,116.22543779956246,114.55276831844789,114.63723902312606,9695300
2020-01-09,116.10716247558594,116.77453643657483,115.76924100324855,116.6224814418126,9469000
2020-01-10,114.9498291015625,115.94666858948106,114.73017688935886,115.91288288242792,10190900
2020-01-13,115.90443420410156,115.90443420410156,114.68794242614126,115.0512064747436,12355200
2020-01-14,117.25608825683594,118.9118586169676,116.31837696958193,116.52957308932032,24906000
2020-01-15,115.49891662597656,117.08711531876233,115.0173833621649,116.45352706030666,16293400
2020-01-16,115.94666290283203,116.49576762563402,115.6002981931816,116.11561721058746,10783800
2020-01-17,116.74919128417969,116.825218779833,116.00578984270439,116.19163053528384,14697700
2020-01-21,115.60029602050781,116.63939012992965,115.47358351466961,115.89597572131315,8474200
2020-01-22,115.46511840820312,116.07336416952491,115.21169341630751,115.93820847064264,7549100
2020-01-23,115.34685516357422,115.51582235421289,113.80935427377966,114.64569546204845,9345700
2020-01-24,112.4830322265625,115.25392389240491,111.78187255224552,115.2032388933349,15166400
2020-01-27,111.53690338134766,112.30566041744393,109.5770099234989,110.0500872102076,12860500
2020-01-28,113.56436920166016,114.0205600304097,111.9170420764822,112.2211649988526,13062800
2020-01-29,113.39539337158203,114.50205874594496,112.93921551977509,113.88536981412163,9326000
2020-01-30,114.79776763916016,115.00052056402674,112.09445975954947,112.09445975954947,9048900
2020-01-31,111.81566619873047,113.90228474459799,111.06380858154169,113.61506113587133,12785200
2020-02-03,112.66890716552734,113.40387846246576,112.06911737570073,112.06911737570073,10021100
2020-02-04,114.2908706665039,115.39754900868036,114.11347316909516,114.51052285047751,9157100
2020-02-05,116.23387908935547,116.35214838626727,114.89911822970134,115.37220830773515,10150700
2020-02-06,116.25080108642578,116.82524838634481,115.82840881634799,116.78301947164832,8992300
2020-02-07,115.87910461425781,116.30149692365893,115.14414612082474,115.50739731952237,6379800
2020-02-10,116.3606185913086,116.45354539946503,115.5242773179007,115.69323163535199,5960700
2020-02-11,116.58026123046875,117.27299070922469,116.39440760887025,116.7999005603631,6578600
2020-02-12,116.58026123046875,117.67002756585218,116.41130690821244,117.08713708762619,7958000
2020-02-13,116.4788818359375,116.86747545679735,115.22859159306347,116.36905573463962,7447500
2020-02-14,116.12407684326172,116.74076588603512,115.68478531740159,116.4450861706626,6627600
2020-02-18,114.5865707397461,116.33528086770033,114.08815097115198,116.02270183266596,8996400
2020-02-19,116.1494140625,116.90971488117793,115.17790424931462,115.65943755409461,7071200
2020-02-20,116.1494140625,116.88437237991448,115.33841535090795,115.87907686184025,7422800
2020-02-21,114.73014831542969,115.66785935986813,113.97829083946623,115.35529330851693,9772800
2020-02-24,111.64672088623047,112.52529108086578,110.4978134683915,111.03847502441053,13618400
2020-02-25,106.6624755859375,111.70583282423452,106.09646516380276,110.66675166599181,20797200
2020-02-26,106.98348999023438,108.9349397839674,106.73005210615779,107.22847822612356,24825600
2020-02-27,102.531494140625,106.12182816251268,102.47235948513108,103.83246300668523,23005500
2020-02-28,98.08792114257812,100.09850577513045,95.17341742349757,99.27906384295936,45931400
2020-03-02,102.65817260742188,102.70886404188542,96.69399824929621,98.5271784067949,27355400
2020-03-03,98.80599212646484,103.86624936310947,98.19774626890069,102.19357970000215,32547700
2020-03-04,101.24742889404297,101.53465899783667,96.89678709233927,99.96335919026838,25795900
2020-03-05,96.28009796142578,98.35826721913585,95.10584793099441,97.71622914470026,25025600
2020-03-06,91.30432891845703,93.19664477953512,88.71928343878542,89.7668210728569,38159400
2020-03-09,78.9366455078125,83.82794728239766,78.5649383606339,81.5808179947344,40352000
2020-03-10,85.06978607177734,85.55976256814627,79.89970969484305,83.63365517711637,31102700
2020-03-11,81.06551361083984,84.52068530156149,79.87437090896616,82.53543672311575,38127000
2020-03-12,74.38327026367188,81.91029604423989,72.92179039092039,75.68423259003684,49725200
2020-03-13,87.78154754638672,87.84912539807557,77.72016254112062,81.09085039449987,38543300
2020-03-16,74.64514923095703,79.392839823977,71.42652276687465,71.97562746432985,38589700
2020-03-17,79.20697784423828,82.31578432885561,73.9186263168049,76.7824445807777,35239800
2020-03-18,70.86897277832031,76.69798724805007,67.88688445769073,74.06225722868508,41525600
2020-03-19,72.06011199951172,74.4339541043913,64.97237138915025,68.90061369852499,32175100
2020-03-20,70.53949737548828,75.57441162431549,69.67782012367283,72.90489627274373,30150800
2020-03-23,66.76331329345703,70.75069688336863,65.96921385702049,69.84677778995007,32536600
2020-03-24,74.70429229736328,76.11508084105223,70.0326351246054,71.72220409530665,34363200
2020-03-25,77.4920883178711,80.381249883947,71.41808544198385,75.38857018283475,38111700
2020-03-26,82.89025115966797,83.27040157769451,79.02113689691805,79.47732126566615,29826300
2020-03-27,76.9852066040039,80.1193562213307,76.4952365086492,78.72546699885045,30041500
2020-03-30,78.98735046386719,79.48577022336842,75.4392581547979,76.57971593662772,21656900
2020-03-31,76.05592346191406,79.55332967074187,75.47302027871203,77.76239122179543,23379300
2020-04-01,71.26602935791016,73.12455289947474,70.32831793647489,71.89116815713533,28029600
2020-04-02,73.92707824707031,74.26499326684787,70.08330698183745,70.5479409396807,24018000
2020-04-03,71.74195861816406,74.66967939174546,70.64939272323156,73.40640353531879,21199400
2020-04-06,76.35973358154297,77.66568373091506,74.85746110668407,75.95855799062883,26820800
2020-04-07,77.36692810058594,80.66168087750832,77.14499995942094,80.61900013461107,22563800
2020-04-08,80.49097442626953,80.96896750907784,77.29011393496243,78.61313236406896,22903300
2020-04-09,87.71211242675781,89.1034174031587,82.70169660201884,82.72730244327666,42055900
2020-04-13,83.81132507324219,88.0108520682975,83.05165477783382,88.0108520682975,26911900
2020-04-14,81.51525115966797,87.0634096155616,79.9276237574696,86.22691516762694,46151300
2020-04-15,77.49496459960938,78.55338061004447,76.93161004607911,77.80224771750459,30118600
2020-04-16,74.5416488647461,77.30719080932158,74.30265229711424,77.01698255210235,32449600
2020-04-17,81.24211883544922,81.6859686876722,77.64008227778112,78.52778849439534,30191900
2020-04-20,78.2802734375,80.84096281332468,77.21331953090639,78.92898323611648,23679400
2020-04-21,76.00977325439453,77.99856971574116,75.39520696968904,75.64274097392695,23035000
2020-04-22,76.2573013305664,78.41682079535532,76.12073466190117,77.40961637929932,16662400
2020-04-23,76.29998779296875,77.91322116743495,76.1890269593561,76.59873350820912,16638800
2020-04-24,77.42671203613281,77.75960114142822,75.53180081388513,77.36696287652005,15809200
2020-04-27,80.76412200927734,81.62621582888193,78.13514677728197,78.4765732315435,22870200
2020-04-28,81.33601379394531,83.95645177407489,81.11408560488334,83.48698954955312,20238900
2020-04-29,83.5296859741211,84.88684818519467,83.02608035585584,84.57103400414141,20462600
2020-04-30,81.7371826171875,82.65902557162913,80.70437232136617,81.60060943154109,19127600
2020-05-01,79.59474182128906,80.01298582621902,78.39121498533552,79.80813255003247,18547700
2020-05-04,78.64727783203125,79.09966508536438,77.5035067773526,78.544847949097,15725900
2020-05-05,78.52779388427734,80.41416728199377,78.44243888901079,79.93617409876606,18064100
2020-05-06,77.05111694335938,79.17649316556097,76.76090869515582,78.66435674909316,20978000
2020-05-07,77.85346221923828,79.30452288677537,77.31571999953081,77.96442303887612,16771900
2020-05-08,79.12528228759766,80.3032033178623,78.62168327658249,79.2106437917148,20487800
2020-05-11,76.79505157470703,77.76811271436878,76.24877186514843,77.76811271436878,31907600
2020-05-12,74.28559875488281,77.49499797270704,74.1746378914783,76.94871808612035,27962900
2020-05-13,71.72489929199219,74.14048419354238,71.18715693554735,73.73077107993988,35451600
2020-05-14,74.70381927490234,75.20742475289727,70.33358156245542,70.60672141948335,35152500
2020-05-15,73.321044921875,74.49895922702713,72.80890855059873,74.13192696704847,26099000
2020-05-18,77.20475769042969,77.80225559669894,75.01110141184606,75.70249175321236,30504400
2020-05-19,75.68544006347656,77.84495370873798,75.61715345115792,76.86336133337899,19597300
2020-05-20,77.9559097290039,78.86068441786854,77.13649003702236,77.42669832885863,20552400
2020-05-21,76.96576690673828,78.32293533539423,76.53898544688656,77.05112189627496,14621400
2020-05-22,76.36827087402344,77.1279413058895,75.72809872275421,76.82919560439743,13557900
2020-05-26,81.78839874267578,83.22238470891614,79.04846255064243,79.28745912632111,41233900
2020-05-27,86.52568054199219,87.55849095338101,84.33202397138629,87.12317201563245,39402000
2020-05-28,85.23678588867188,87.87429194354628,84.84414776297056,87.86576100389046,24713900
2020-05-29,83.0602035522461,84.65636851649694,82.60781625808,84.2125186747212,26526400
2020-06-01,84.16130065917969,84.93804602421987,83.11995287896536,83.43577349642699,15176800
2020-06-02,84.44297790527344,85.71478480207998,83.58941500580121,85.5952865171273,21195000
2020-06-03,89.0009994506836,89.5558166302192,86.26106336214778,86.70491971064347,25941100
2020-06-04,90.85323333740234,90.99833746137699,87.7377275810482,88.6168962891118,26784700
2020-06-05,94.94181060791016,98.8169807034286,93.49074967316727,98.09999094512182,42231000
2020-06-08,96.83671569824219,97.46835698060696,95.547840310867,96.80257891037742,24881800
2020-06-09,94.35285186767578,95.2832323829057,93.0469015602297,94.44674431572983,17031100
2020-06-10,90.52888488769531,94.3272439432481,90.34963744867625,94.28456319064753,24913300
2020-06-11,82.97483825683594,86.7049100035138,82.40295274892327,85.3818850706008,36259200
2020-06-12,85.2453384399414,86.32082312216619,83.07728765665152,85.96232822809127,24856800
2020-06-15,86.42324829101562,86.57688988179751,81.8310819854638,82.30053769850898,22153600
2020-06-16,87.11463928222656,90.20453974286605,84.76734098948864,89.9399372919424,22193600
2020-06-17,84.91243743896484,87.52433774545361,84.68197181652883,87.51580029331984,15639800
2020-06-18,84.4515151977539,85.80013962711843,83.76012482221634,84.22104956851868,16591900
2020-06-19,83.48696899414062,85.86840980532884,82.56512618994427,85.80866067438865,40371200
2020-06-22,82.58220672607422,83.60647955346847,82.4029593068886,83.00898815618312,16216900
2020-06-23,83.58940887451172,85.330677843173,83.52112228464242,84.47711500630969,15381400
2020-06-24,80.79827117919922,82.65903214024011,80.49951893989892,82.58221460133554,22919800
2020-06-25,83.61502075195312,83.82841147656882,80.4568406325081,80.53365816752907,25743600
2020-06-26,79.03140258789062,81.40431342461235,78.52780349566197,81.1823852000215,41896300
2020-06-29,79.38135528564453,80.65316227272776,78.68143391888151,79.72278177210252,18499700
2020-06-30,80.28612518310547,80.79826813853639,79.0143182713666,79.23624645124212,19137000
2020-07-01,79.60327911376953,81.69450564638227,79.40695677836636,80.99458431799813,18755700
2020-07-02,79.86183166503906,81.84415240744853,79.23265615346735,81.65453768956048,27845600
2020-07-06,81.878662109375,82.05103560988056,80.56860640890112,81.38739039974385,18625300
2020-07-07,79.56880950927734,81.10295578597582,79.29300800532735,80.8616302919729,25757200
2020-07-08,80.4134521484375,80.44792158140113,79.12063141663386,79.54295101451434,18762200
2020-07-09,78.6724624633789,81.12020685974237,78.24152215052023,80.6030732238101,25600800
2020-07-10,82.97321319580078,83.46448470145526,79.18094515421345,79.29298722545927,28954200
2020-07-13,84.16263580322266,85.55887806559187,82.93876701810528,85.09346836188656,32079200
2020-07-14,84.6452865600586,86.14495684990332,83.29213438302521,84.78319060197043,42731700
2020-07-15,85.9553451538086,87.29987662953829,85.02451263570664,86.95512311443092,22508400
2020-07-16,86.1966781616211,87.23955286847367,84.9383333109818,85.13656216091451,16886900
2020-07-17,84.6021728515625,86.25698143860106,84.58493156332523,86.18802943690159,16137700
2020-07-20,83.86096954345703,84.80041606789035,83.82649353674032,83.97301163356693,14458100
2020-07-21,85.6795425415039,86.23114552824457,84.15401039409122,84.21434176527767,17798100
2020-07-22,85.05897521972656,86.30007847234995,84.05919084127613,85.88637958001728,14271200
2020-07-23,85.30892181396484,85.62781334208364,84.43842080012963,84.89521634358388,12870200
2020-07-24,84.70563507080078,86.01569743148792,84.4125987858956,85.84331734422489,12744200
2020-07-27,83.51622009277344,84.145389162824,82.88704444709661,84.04196771329583,11959100
2020-07-28,83.87820434570312,84.36947593457877,83.17146264634471,83.17146264634471,11754300
2020-07-29,85.91226196289062,85.93811732984116,83.60242159798311,83.66275297941017,12743500
2020-07-30,83.61963653564453,84.24019149816337,82.78361804096727,84.06781804218629,14834800
2020-07-31,83.2921371459961,83.54208329853255,82.09412368855965,83.15423967513655,14535000
2020-08-03,82.82670593261719,84.09367118507298,82.61123583051588,83.61963433019983,12962800
2020-08-04,82.35267639160156,82.69742329755351,81.90449489286284,82.66295386745891,13366200
2020-08-05,83.78339385986328,84.86936501754565,82.49919389024825,82.62847726686233,15260900
2020-08-06,83.80925750732422,84.55047525920433,83.20594379096893,84.10230029500131,10482100
2020-08-07,85.6536865234375,85.74849390980131,83.22318364023928,83.54208181033817,14743700
2020-08-10,86.7396469116211,87.94628084213518,86.21389931743728,86.28285133075258,14989900
2020-08-11,89.48043823242188,91.49724213411483,89.2132573667362,89.51491424341789,31518600
2020-08-12,88.72196960449219,91.72993032962769,87.66185382968052,91.49722551719982,19240800
2020-08-13,88.23069763183594,89.0839573742494,87.60152205571256,87.91179952124936,13598600
2020-08-14,88.26518249511719,89.04086966118528,87.4119160914404,87.48086810750793,12134400
2020-08-17,85.93807983398438,87.91178641612728,85.7829411243427,87.48084628663646,14988000
2020-08-18,84.74007415771484,86.11046730780654,84.56770072120179,86.11046730780654,13246500
2020-08-19,84.93832397460938,86.69655436809374,84.7573232871723,85.25721554396011,13533000
2020-08-20,83.92131805419922,84.49015584215867,83.43004636547762,83.8265106602681,13672600
2020-08-21,83.87820434570312,84.95555489811692,83.55069214499467,83.8351076933562,12228300
2020-08-24,86.23976135253906,86.3690447436039,83.96439734205318,84.85213321140449,17898300
2020-08-25,86.61898040771484,87.894566296049,86.01566675651833,87.28262542403101,13648900
2020-08-26,85.40372467041016,86.4207437934162,85.36925524136805,86.13632826225283,12052400
2020-08-27,88.2134780883789,88.47204489861072,85.32617939371694,85.32617939371694,22163900
2020-08-28,88.57545471191406,88.98916023874504,87.74805023387836,88.89435285917183,13756700
2020-08-31,86.35182189941406,88.06696250152092,86.20529719572723,88.01525176823576,14219400
2020-09-01,86.30870819091797,86.93788381600275,85.36064100605651,85.8002018790438,11595600
2020-09-02,87.61014556884766,87.86009167846952,85.80881208075415,86.14494491681872,14475700
2020-09-03,87.33435821533203,90.48883762727112,86.73965852818806,89.04949867858751,23281200
2020-09-04,89.22186279296875,90.67844288219376,87.36882505476963,89.67866496268584,26325500
2020-09-08,86.11910247802734,89.26496778239456,85.73987950965449,88.75646141714671,22108600
2020-09-09,86.93787384033203,87.64461546892939,85.80880610302235,86.87754247846246,13434000
2020-09-10,86.0415267944336,88.27379400085148,85.87776740493734,87.39467883622238,15922800
2020-09-11,87.11027526855469,87.36022144106876,85.83468903910827,86.16220788787787,13784300
2020-09-14,88.31687927246094,89.17013896576583,87.36881221594162,87.4894749371918,19017400
2020-09-15,85.56749725341797,88.64441045685847,85.44683450627336,88.54098900252112,23683000
2020-09-16,85.92948150634766,87.16197085979732,85.11931832392794,85.6967766692633,19270600
2020-09-17,84.94693756103516,85.61920327982462,84.21434047198578,85.06760030155499,18290100
2020-09-18,84.76595306396484,85.74849639141914,83.9816451616338,84.3694887893453,20121600
2020-09-21,82.14582061767578,82.78361686208528,80.86162063474444,82.05101324555075,28378800
2020-09-22,81.2494888305664,82.4475090256424,80.73236173756311,81.84418860411544,19257000
2020-09-23,79.9307861328125,82.18029449380009,79.86184069856571,81.68902293080427,19952700
2020-09-24,79.86183166503906,81.27531482940923,78.75861935874724,79.56878894404167,18366500
2020-09-25,80.55995178222656,80.7754218547903,79.18094463294366,79.33608334821453,13293100
2020-09-28,82.87841033935547,83.54205525734261,81.31840257132785,81.9303367770529,20894100
2020-09-29,82.18031311035156,82.76639217578172,81.30119780001985,82.76639217578172,12848200
2020-09-30,82.97321319580078,83.77476213403965,82.10271883136245,82.18028490169614,16400600
2020-10-01,83.57654571533203,84.26604610872715,82.76637601307631,83.70582909397667,15778700
2020-10-02,84.3694839477539,84.97279768415629,81.95621585089125,82.0941198909984,15149600
2020-10-05,86.1527328491211,86.33540646438654,84.83921498319113,85.52641951870035,13871900
2020-10-06,85.26546478271484,87.73592251122417,84.82183164507717,87.04871788412655,19220400
2020-10-07,86.75296020507812,87.29228046897312,85.83088475340483,86.08315024059365,16358500
2020-10-08,88.53619384765625,88.6579762533266,86.90082537390921,87.43145155717716,15659000
2020-10-09,88.03166198730469,88.82325425218384,87.08349803396325,88.72756712925025,13689100
2020-10-12,89.11032104492188,89.59745069194823,87.72721131619534,87.94468085670977,16058000
2020-10-13,87.66631317138672,89.78881784253393,87.21397948304285,89.59744360016582,21697300
2020-10-14,87.17919158935547,88.66668246929041,87.07480381936847,87.88379078599733,15204100
2020-10-15,88.48399353027344,88.53618408790942,86.15272016398842,86.2049107216244,17171200
2020-10-16,88.30131530761719,89.01461498332452,87.6141109093583,88.21432883724162,13275000
2020-10-19,86.8138427734375,88.61449029400256,86.6050672372534,88.37961947495636,11725700
2020-10-20,87.30967712402344,88.52750129193018,87.09220757451952,87.2574799192246,11257100
2020-10-21,86.43981170654297,87.84901034823288,86.40501577708032,87.30098939164735,10730500
2020-10-22,89.49307250976562,89.80622921258312,86.38760740402924,86.39630804484206,14837200
2020-10-23,90.30204772949219,90.8587692090227,89.53655735429862,90.03238762940059,15087600
2020-10-26,88.06645202636719,89.33647318445006,87.20527461412362,89.29298326388508,12410700
2020-10-27,86.40501403808594,87.78811736400365,86.25713631832961,87.4314707083181,10391700
2020-10-28,83.97803497314453,85.50902233120866,83.56919119258394,84.8131171766404,16389500
2020-10-29,84.52605438232422,85.23066016456188,82.84718936403375,83.61268634852472,14208800
2020-10-30,85.28285217285156,85.61340347116557,83.7083748903006,85.16977040579127,15194500
2020-11-02,87.20529174804688,87.75331263866813,85.1262833285761,86.45719594625928,15011600
2020-11-03,89.95410919189453,91.11104217133472,89.32779581667165,89.61485058311207,17482600
2020-11-04,87.20529174804688,88.7884698464858,86.05705276057077,87.8577004144911,18886500
2020-11-05,90.77178192138672,91.42419052164102,87.85769150091285,87.90988206520728,17837400
2020-11-06,89.5626449584961,91.42418349045774,89.06681472590151,91.36329229124938,12552800
2020-11-09,101.68873596191406,103.42849190091468,95.99103260703018,98.43539421424275,47792400
2020-11-10,101.35821533203125,102.1672024064097,99.76634310673046,102.08021590482329,20539300
2020-11-11,99.84461975097656,101.74095451175502,99.13131988517793,101.68006330260064,14443400
2020-11-12,98.61808776855469,99.13131268893582,97.47854288475442,97.887386675102,22063000
2020-11-13,99.23568725585938,99.9141910574011,98.79204760229645,99.77500738701167,11847900
2020-11-16,102.03668975830078,103.17622778892967,100.67098159450201,102.46292811044832,19858600
2020-11-17,101.00155639648438,101.28861778977526,99.67064383786426,100.3752430426293,14553200
2020-11-18,100.2534408569336,103.17623150742506,100.20994430168788,102.07148271595247,12571200
2020-11-19,100.52310943603516,100.74927959652383,98.78335326504587,99.32268006724406,10202500
2020-11-20,99.66194152832031,100.60141154336574,99.24439708719666,99.5401591156267,12718900
2020-11-23,102.53254699707031,102.7935064780716,100.53182445950678,100.94936892041052,13209200
2020-11-24,107.27337646484375,107.42995480208583,104.13311571662051,104.44627239110466,20121600
2020-11-25,106.15122985839844,106.45568588436065,104.79422206459914,105.57711372896166,11715600
2020-11-27,105.44662475585938,106.42958462350839,105.324842352315,106.12512861464748,5983600
2020-11-30,102.54122924804688,105.01168653223473,102.44554212498701,104.38537323098589,14411800
2020-12-01,104.15918731689453,105.75976624884284,104.063500208301,104.68111277681422,12668900
2020-12-02,106.15994262695312,106.3948068347733,103.75037615338016,104.12442406705259,10811300
2020-12-03,105.46403503417969,106.02945721254851,104.69854457888673,105.99466128685643,12904400
2020-12-04,106.4208984375,107.2472867299486,105.85548290281493,106.54268749422808,13583700
2020-12-07,106.02074432373047,106.27300977837143,104.56804943629369,105.38573700398207,9724300
2020-12-08,106.12512969970703,106.41219106955802,105.04648269872425,105.29004750830326,9592100
2020-12-09,105.29875946044922,107.25598542338216,104.76813322401144,107.14289700918273,13073900
2020-12-10,104.62024688720703,105.06388662192644,104.00263416931807,104.3766820561121,13668400
2020-12-11,104.00262451171875,104.40276764516686,102.96747407568854,103.46330433198764,9981600
2020-12-14,102.90660095214844,105.62061687957487,102.74132195879818,105.55102502588588,12112400
2020-12-15,104.66374969482422,105.16828066741414,103.18495933973715,103.76777616843017,12590200
2020-12-16,104.96817016601562,105.32482330951474,104.26357115338047,104.64631957340058,11169400
2020-12-17,104.09832763671875,105.64670984575508,104.02004178052096,105.48143749267832,11618000
2020-12-18,103.58511352539062,104.28101221006534,102.88050756247704,103.63730410166386,28954800
2020-12-21,107.47345733642578,108.73477810781881,105.33355106301704,107.14289936352574,28323600
2020-12-22,105.83805847167969,107.44733150219841,105.78586791352922,107.33424974732483,11788200
2020-12-23,108.79566192626953,110.05698261196557,106.42959225353646,106.80364013027946,14973200
2020-12-24,108.31723022460938,109.21321034274939,107.49084859170274,108.81306053168214,4164900
2020-12-28,109.03052520751953,110.17007010814245,108.55209620230126,109.44806964374848,8072600
2020-12-29,108.74347686767578,109.84821927402193,108.63908909330569,109.77862742444188,8389200
2020-12-30,109.04793548583984,109.47417396044405,108.64779229628263,109.1610172665916,7398000
2020-12-31,110.5354232788086,110.76159347044037,108.57819731694019,108.81306151224103,8580200
2021-01-04,109.49156188964844,111.22261749866333,108.54339128315176,110.90946084299868,16819900
2021-01-05,110.08733367919922,110.65682778188479,108.44018109392785,109.50907627770478,13731200
2021-01-06,115.2565689086914,116.32546401702017,112.04112028551481,113.7934122794916,24909100
2021-01-07,119.04154205322266,121.07420017771562,118.20920889852529,118.88384273436418,21940400
2021-01-08,119.1729507446289,119.4620794810105,117.50827135657224,119.12914092962346,12035100
2021-01-11,120.95149993896484,121.0829159937307,117.49949563243396,117.91128376253545,15937900
2021-01-12,122.85272216796875,124.11436970979717,121.63488443195743,122.16933197762431,18033500
2021-01-13,122.96665954589844,123.35215118634441,120.99533805002184,121.42463950859653,14816800
2021-01-14,123.68505859375,125.06936561072935,122.65997327847361,123.08928799774368,18565600
2021-01-15,121.46839904785156,124.10558323349639,120.04028245504236,120.40826071102485,27881000
2021-01-19,120.94274139404297,123.27328435739169,120.75000228511718,122.53732764334819,19843800
2021-01-20,119.12913513183594,121.05664657835982,118.6647805269104,120.75000462600255,16028800
2021-01-21,118.13031005859375,119.29558133759184,117.68348213897244,118.88379324016863,13411700
2021-01-22,117.2191390991211,117.75358674082494,115.82607525839204,116.2553900423437,12933200
2021-01-25,115.75597381591797,116.67592636101233,113.95112192168405,115.77350041389536,14212800
2021-01-26,115.28286743164062,116.67593122923192,115.07258835376963,116.30795286961599,11307800
2021-01-27,112.02361297607422,113.76714186800528,111.5767783002309,113.53933619605681,17603900
2021-01-28,113.99494934082031,115.79980151384709,113.0136736045446,113.810953455829,13761800
2021-01-29,112.73328399658203,115.40552200946202,112.31273922748396,114.9411674298819,14808100
2021-02-01,113.56561279296875,113.95988770410122,112.56681064711164,113.3728603289545,11080700
2021-02-02,117.06144714355469,117.74483749949802,114.96746625929157,115.59829018306681,12253600
2021-02-03,118.40192413330078,118.94512833013219,116.97380725196787,117.0964666954097,10600800
2021-02-04,121.12671661376953,121.48593829471658,118.6910412117694,118.6910412117694,12419500
2021-02-05,120.89018249511719,122.21316670868592,120.36450482472777,122.12554707918179,10051300
2021-02-08,122.78264617919922,122.92283222970381,121.0654004827119,121.08292708124436,10136400
2021-02-09,122.29200744628906,122.64245920102212,121.38081149377909,122.16057801160603,8614800
2021-02-10,122.36209869384766,123.4222239262885,121.81888110236025,122.65998401793209,10323200
2021-02-11,122.02037811279297,123.14183952043508,121.10042575072924,122.36207317654525,9201000
2021-02-12,123.75518035888672,124.07059232676896,121.7838589018425,121.82766871910822,8324600
2021-02-16,126.73407745361328,127.32110501827545,124.76275573703795,125.77032819128283,12130600
2021-02-17,127.12834167480469,127.37366062026074,125.3935690862342,126.12076930629316,10810100
2021-02-18,127.5576171875,127.73284306018522,125.63886246473552,126.16455345166834,10587800
2021-02-19,129.6866455078125,130.40507556617715,127.79417407734334,127.79417407734334,11969800
2021-02-22,130.90451049804688,131.5879008727894,128.60900706882103,128.67910010326634,11488400
2021-02-23,131.95587158203125,133.44531171271984,131.06220215606666,132.74439477801974,16234400
2021-02-24,134.27764892578125,134.71572035256767,131.51780428457832,131.51780428457832,15061400
2021-02-25,132.45529174804688,135.71454476341137,131.93837058882195,135.16258376664626,18127700
2021-02-26,128.94192504882812,132.18365050317965,128.36366763365874,131.6842560947168,19829200
2021-03-01,131.85948181152344,132.63049169749863,130.08966974093366,131.00086567324564,14845500
2021-03-02,131.43016052246094,132.98093683186465,131.28121786896335,131.49149692801222,14221700
2021-03-03,133.97100830078125,135.78461707416818,132.1398729268598,132.4990813401028,14324100
2021-03-04,131.91204833984375,135.25892001214697,130.21232929109308,133.7081436244167,20093900
2021-03-05,132.2187042236328,134.47915409917874,129.64284242664147,134.24259181587536,18465100
2021-03-08,133.97100830078125,136.20517527372152,132.0785365094286,133.58550330229693,17133300
2021-03-09,133.02476501464844,135.14502901963763,131.2637227718241,132.73563628184831,16238800
2021-03-10,135.91603088378906,136.8184568587185,132.7443849959897,133.09485012195302,14342200
2021-03-11,135.2063751220703,136.80970482149334,134.36527207830144,135.0223792356936,11771500
2021-03-12,136.80966186523438,138.10636254093606,135.86343962030364,137.43172899455243,12849500
2021-03-15,136.1262969970703,137.48432095536938,134.89094585988298,136.98492653158675,12101100
2021-03-16,134.4966583251953,135.45166400909298,133.34015693656318,135.0048226851118,12805600
2021-03-17,135.88096618652344,137.44926908361168,134.0936409864517,136.10000185838342,13952400
2021-03-18,138.12387084960938,141.66349431991864,137.65075974398866,138.08007441619748,21898500
2021-03-19,135.9248046875,136.62572165918615,132.46404301534375,136.24897327224215,54418800
2021-03-22,132.27127075195312,134.8996989764171,131.95585883026234,133.87461357314143,19944800
2021-03-23,130.9483184814453,133.2788483419302,130.5102470489579,131.71055849593208,17076300
2021-03-24,131.9646453857422,134.20756917381792,131.2987815639323,131.42144104081518,13079800
2021-03-25,133.6555633544922,134.0235416616391,130.83438296415676,131.42139693285844,15608300
2021-03-26,135.88096618652344,136.19637808875686,133.65556964273173,135.18881934575157,16754400
2021-03-29,133.76947021484375,134.6894227868607,132.33259662282177,133.2788324081354,17570300
2021-03-30,135.34652709960938,136.5643649767628,134.82084947550763,135.32901387035344,13184300
2021-03-31,133.37521362304688,135.35530489112983,133.27883738107047,134.29516622938934,16736700
2021-04-01,134.67193603515625,134.74201570514077,132.77946409244927,133.0861060974922,16561500
2021-04-05,135.38577270507812,136.5490992071353,134.4868532599804,136.0731880207964,13508000
2021-04-06,134.43394470214844,135.9674166606182,133.8346651571286,134.65427043739672,13071600
2021-04-07,136.5402374267578,136.80463095836717,134.5308681027084,134.92746512392927,16903500
2021-04-08,136.70773315429688,137.05144082686428,134.2312735843088,135.720677981307,12335500
2021-04-09,137.7300262451172,138.39981165713579,136.5755215129988,137.3158127759061,12122400
2021-04-12,137.43919372558594,138.58489026146785,137.10430774564455,137.11311593409016,12273400
2021-04-13,135.79998779296875,136.7782347455184,134.33702145895435,136.38165105072645,16113600
2021-04-14,133.2618408203125,135.5708505204266,133.01506359318446,133.49097477339598,19939600
2021-04-15,134.10784912109375,134.13428713000596,131.59614414113608,133.29705213668674,17694100
2021-04-16,135.10377502441406,136.17014430082656,134.56617956723807,135.60611082506966,13773400
2021-04-19,134.53091430664062,135.61492681377607,134.1519604243546,135.2095214663922,11900200
2021-04-20,131.55210876464844,133.73773654214608,131.0056917345611,133.72892835287362,13716700
2021-04-21,132.67135620117188,132.7330538699798,129.3664697394809,130.2477727959318,12236700
2021-04-22,129.87762451171875,132.4598494079052,129.78068063955575,132.39815174033916,15256100
2021-04-23,132.3629150390625,133.19134210654929,129.27835418210762,129.7101840956057,14041900
2021-04-26,132.68898010253906,134.36346390359387,132.53035201431763,132.8828678421098,10799100
2021-04-27,133.2970733642578,133.57909676771888,132.29238852275583,132.63609614096399,12821200
2021-04-28,134.16075134277344,134.74241454767858,133.4292682422321,134.33700925248564,8943700
2021-04-29,136.76943969726562,136.84875375432128,135.01564156586028,135.31528141314993,12976900
2021-04-30,135.5531768798828,136.15246975614346,134.84813197447565,135.80876221380427,11705100
2021-05-03,135.1566162109375,137.02497409619062,134.95392030487702,136.46976240153663,11801100
2021-05-04,137.0249481201172,137.16595978786887,134.08140015576782,134.72474739941734,12977700
2021-05-05,138.8228302001953,139.4926155323051,136.27586547402703,137.48324608836128,10506700
2021-05-06,141.61656188964844,141.73113556724536,138.50556380013776,139.30755264808684,13542400
2021-05-07,142.10128784179688,142.33042176014536,138.38218843888043,138.55844633358046,14257800
2021-05-10,142.0836639404297,144.29572952349213,141.9955282655983,142.3304276928185,14014300
2021-05-11,139.7217559814453,143.11477752870647,139.28110453102778,141.9602728802309,15451700
2021-05-12,138.76112365722656,141.69586360523473,138.3909780936418,140.66474093933135,14381700
2021-05-13,142.33041381835938,143.16764885717976,138.9638303926924,139.40448182866254,15395000
2021-05-14,144.54249572753906,144.930271187189,142.76227340476973,143.11478921484266,10584000
2021-05-17,145.12413024902344,145.28277174554935,143.67879419705193,143.97843392118435,9886800
2021-05-18,143.07952880859375,145.85562751826401,142.98258495330543,145.1329526974574,11098100
2021-05-19,141.98672485351562,142.04840906987988,139.8099053985892,141.88978098698632,13278900
2021-05-20,141.7399444580078,142.64768535278634,140.58543983150005,141.7399444580078,10426000
2021-05-21,143.35276794433594,143.84629553722374,141.83692551039857,142.1894413774275,10249000
2021-05-24,144.12828063964844,144.7363818356846,142.8768320460102,143.96965256117778,9440300
2021-05-25,142.638916015625,146.03192497486253,142.38333057896787,144.40152226383725,12609100
2021-05-26,142.6212158203125,144.30450718426906,142.16293465655426,144.15468734080446,13058300
2021-05-27,144.84219360351562,145.19470952224535,143.27347490421388,144.4896642371656,15707500
2021-05-28,144.74522399902344,145.36213347103492,143.88153729058948,145.13298606170358,10291300
2021-06-01,146.34034729003906,147.09826831187286,145.83799818885876,146.18170577738718,9445400
2021-06-02,146.3491973876953,147.56540002505503,145.8821077989508,147.40675846697306,10498600
2021-06-03,146.4461212158203,147.3979300911092,145.1153584967975,145.77633576178008,13354400
2021-06-04,146.68408203125,146.8867779677455,145.44144150130873,146.48138609475447,8510800
2021-06-07,145.99664306640625,147.2657214064113,145.53836178860107,147.17758573650505,7267200
2021-06-08,145.41497802734375,146.08476338802527,143.7933839240422,144.9655183909461,10370700
2021-06-09,143.5995330810547,144.72760000321796,143.01786979217155,144.65709413963043,12377400
2021-06-10,141.3610076904297,145.6265247887754,141.281693641198,144.85097378041843,12119400
2021-06-11,141.2640380859375,142.06602696463864,140.1800392676803,141.3874199559211,13683800
2021-06-14,138.86691284179688,141.29930415238428,138.0649239266613,141.14066262798954,19917900
2021-06-15,136.76060485839844,138.2940770515518,135.83524738683082,138.10018929905132,24485500
2021-06-16,137.72120666503906,138.91095750038386,134.9362862995615,136.36399268102122,25321200
2021-06-17,133.7465362548828,138.7699740309473,133.2970765733641,138.45270441822342,29722400
2021-06-18,130.36233520507812,131.93105343387572,130.04506559433165,131.57853762087572,43595700
2021-06-21,132.5743865966797,133.252993583774,131.33175974844534,131.3846357699513,18664800
2021-06-22,132.3805389404297,133.05032442681446,131.01451650397595,132.7242465969139,14251200
2021-06-23,133.1824951171875,133.99329220296272,132.27475417074268,132.37169803141228,12733300
2021-06-24,134.40748596191406,134.94508121091863,133.27061126030827,133.88752053434294,13733200
2021-06-25,135.7647247314453,136.16130837700075,133.66721936712557,134.47801648290576,15484900
2021-06-28,136.01148986816406,136.14367993548683,134.06380437470588,135.456264690176,14125800
2021-06-29,135.84405517578125,137.7564812310609,135.3769656227581,136.60197635669732,14528700
2021-06-30,137.077880859375,137.55379207307598,135.46510798966156,135.50035419737873,12531000
2021-07-01,138.43505859375,138.48793461515686,136.97209257929126,137.71238377421685,10479400
2021-07-02,138.30209350585938,138.5591516947402,137.4954831581547,138.2311813684132,11424000
2021-07-06,135.9797821044922,138.08050182244278,135.04021992726715,138.08050182244278,15083400
2021-07-07,136.13931274414062,136.75091805962074,134.3311006821662,134.7388285424153,12271800
2021-07-08,133.7904052734375,135.19974839645917,132.9926539306112,134.38427916442575,17834600
2021-07-09,138.07167053222656,138.40848635513726,135.24411096359202,135.6607114124253,13694500
2021-07-12,140.04827880859375,141.07648460789807,136.4495720361371,136.81299170185636,19940400
2021-07-13,137.9652862548828,139.50759505901357,136.05957128535965,138.31984699870512,22671700
2021-07-14,137.49551391601562,139.4101014800356,135.57206740474837,138.23121229085044,14622800
2021-07-15,137.79690551757812,138.7453269068551,136.23686506402134,136.4141386996224,11539300
2021-07-16,134.65020751953125,138.52369007633146,133.8613285805578,138.24005504917056,14002700
2021-07-19,130.27151489257812,132.79770805767538,129.15467885938415,131.671999551726,22172900
2021-07-20,132.7001953125,133.94998308965623,129.70422117589024,129.87263584394012,15385200
2021-07-21,135.4923095703125,136.19254517449795,134.16273699708233,134.77434254478607,12356700
2021-07-22,133.78155517578125,136.00638142799636,132.93063649792975,135.5100099450649,9913300
2021-07-23,133.52452087402344,135.4745576479783,133.17883259830012,134.26907815633373,9666100
2021-07-26,134.4197998046875,134.694589534504,133.10795847653426,133.12568990025773,8208000
2021-07-27,134.2425079345703,135.16435249156564,132.77998351592345,133.31180442947158,11218700
2021-07-28,134.464111328125,135.41254631072258,133.73728531235562,134.9870733245473,9217300
2021-07-29,135.61639404296875,136.38754175949134,134.65024127914674,135.74048693442194,9063500
2021-07-30,134.5349884033203,136.2102489647489,134.02088548961353,135.24409633688512,9805200
2021-08-02,133.99427795410156,136.90160793654317,133.90564792695702,134.75656651810192,10203200
2021-08-03,135.5188751220703,135.90002622298712,132.5317736159463,134.68567429807973,10394800
2021-08-04,134.05633544921875,135.944318741803,133.76382794752652,134.06519439468545,10155000
2021-08-05,135.74932861328125,136.22798222307588,134.7388541899592,134.97818099485653,9151500
2021-08-06,139.60507202148438,139.888720564627,137.48662099340075,137.5575331291864,13328800
2021-08-09,139.45440673828125,140.5357932791384,138.18687412641054,139.62282139179143,9516900
2021-08-10,141.1651153564453,141.8033111299167,138.55029258950182,138.93144367440405,8667000
2021-08-11,142.84922790527344,143.15059433152473,141.0055529930373,141.8210222479502,9156500
2021-08-12,143.4076385498047,143.92174137691225,142.30853428677375,143.48742315365905,8844200
2021-08-13,141.80332946777344,143.73564845542185,141.43992327833328,143.40767805504467,8980900
2021-08-16,140.8726043701172,140.96124792957355,138.9668895677798,140.88147684112778,8755800
2021-08-17,139.17074584960938,140.81055693336424,137.6284507909438,139.6671308200395,9347200
2021-08-18,137.90322875976562,140.0571292091094,137.6904923409594,138.55028343661147,8065500
2021-08-19,136.75096130371094,137.8855287455141,135.62525280946016,135.75821817341085,9517700
2021-08-20,137.14097595214844,137.3005181640546,135.75822268184993,136.81301905537822,6974100
2021-08-23,138.89598083496094,139.24166908515375,137.60187139582214,137.6816424862262,7934600
2021-08-24,139.75579833984375,140.535818548943,139.0466902884,139.16192423522904,7670900
2021-08-25,142.63650512695312,143.39879373535098,139.87099925700173,140.50032252927784,11335000
2021-08-26,143.3722381591797,145.21591369484275,142.84040373587086,143.82428795141433,11027500
2021-08-27,144.52450561523438,144.6220081207902,142.93787516347194,143.37220696551307,8780200
2021-08-30,142.21107482910156,144.91454158067384,141.71470326653957,144.66635579939285,7937600
2021-08-31,141.77670288085938,143.0353628516693,141.24488215346318,142.21103463790712,12340800
2021-09-01,141.57289123535156,142.4947222850504,140.90810493673519,142.0160821010958,8729900
2021-09-02,142.22882080078125,143.2481543978235,141.31583516002624,141.83881066883436,8813300
2021-09-03,141.36900329589844,142.6099320998969,141.06762327911918,142.1667413091675,7959700
2021-09-07,141.12078857421875,143.04423458824056,140.89919322432996,141.8121649838632,9285600
2021-09-08,140.491455078125,141.44874863479322,140.0837136738543,140.8371432909407,7852700
2021-09-09,141.1030731201172,142.55673823881511,140.11918911431437,140.28760376329723,7904300
2021-09-10,139.48097229003906,142.45921422070242,139.3568794398075,142.3173899561217,8311600
2021-09-13,141.6969757080078,141.86539039099048,140.11035845407147,140.5180864522401,10052800
2021-09-14,139.22398376464844,143.00882398489216,138.5060032077132,142.2199447921944,11685600
2021-09-15,140.19012451171875,140.65990570254004,138.69213736452565,138.913732776238,11691500
2021-09-16,140.12803649902344,142.57445789274993,139.3568889858395,141.29806647430257,10880900
2021-09-17,139.76463317871094,140.94352223679576,139.16190023027534,139.49872953975924,25581600
2021-09-20,135.58091735839844,136.99911961370339,133.39155401713145,136.40524564412402,15819900
2021-09-21,135.59866333007812,136.99028903623685,135.24411607410832,136.08617595086974,8999900
2021-09-22,138.1957550048828,139.38350307279964,137.47778809106907,137.5664181337603,11236200
2021-09-23,142.86697387695312,143.33676854859056,139.7557794588898,140.04828699778437,12336100
2021-09-24,144.515625,145.00313750030534,142.54787063304417,143.09742280151156,10102400
2021-09-27,148.00799560546875,148.38027425401413,145.90727554399484,146.25296382658053,13220900
2021-09-28,147.21023559570312,150.06438500015915,146.83795700274467,148.6461692435583,13387900
2021-09-29,147.09503173828125,147.937091598617,146.28842119280665,147.32549962276576,7777100
2021-09-30,145.09181213378906,148.01687423706542,144.29406054647163,147.954821030504,13161200
2021-10-01,148.1409454345703,149.1780101736386,145.01201980021406,145.36656699259166,11285000
2021-10-04,147.9813995361328,151.07487606627808,146.90001294508417,147.99913095445916,14120000
2021-10-05,150.39796447753906,151.71771035696676,148.62343128073803,149.1049691924734,12292900
2021-10-06,150.718994140625,150.79033359868424,148.02598742698203,149.80052072885388,8692600
2021-10-07,151.67315673828125,152.93940172319301,151.18270638334047,152.6629697794844,10195400
2021-10-08,151.7890625,152.78778772396498,150.96867912222723,151.61072065380776,8190100
2021-10-11,148.59671020507812,152.74321643420737,148.43620660702203,152.30628090175765,12154700
2021-10-12,147.45529174804688,148.6412847771938,146.92917852953678,147.8030631169989,13032600
2021-10-13,143.5673370361328,147.49983692488212,143.21065344266097,146.3049319194838,22753500
2021-10-14,145.7699432373047,146.2514676153576,142.72916488927265,144.23617876408196,15176800
2021-10-15,148.5699005126953,149.0692629835124,146.36734463800732,147.4463349533568,14267400
2021-10-18,148.5164337158203,150.35338049012066,147.94573167325507,148.45400658921304,12672900
2021-10-19,150.3177490234375,150.3890748879013,148.54321539776493,149.27442116472795,8053900
2021-10-20,152.3419189453125,152.36866954061844,149.3279051524266,150.07694903421293,8185600
2021-10-21,151.14700317382812,152.778857407259,150.41578400193282,152.27056891851095,8415200
2021-10-22,153.18014526367188,153.45657716141443,151.32536016125133,151.6196303252835,8817900
2021-10-25,152.43109130859375,154.23237509999177,152.0208928506401,154.0094444092062,10159200
2021-10-26,152.84130859375,153.81329695285987,152.0744263104464,152.48462485544655,8015100
2021-10-27,149.65786743164062,152.2171079970425,149.22091827870824,151.8782625215193,9847000
2021-10-28,151.91387939453125,152.04763235660454,149.7737503617072,150.07693281347903,7212900
2021-10-29,151.4947967529297,153.59035092503674,151.04893532112914,152.64511326006627,8140100
2021-11-01,151.41455078125,153.67060862435602,150.71008207222275,153.4120013642685,7435500
2021-11-02,152.0120086669922,153.0999117279839,150.62983540688512,151.41455593785938,7173800
2021-11-03,152.0655059814453,152.60054516737262,150.83492401777954,151.7088222619016,8402700
2021-11-04,150.0680389404297,151.77123292329742,148.46294862618703,151.59289106689397,9574200
2021-11-05,149.85400390625,151.6731122449432,149.28330191699246,150.61196004461854,7975600
2021-11-08,150.754638671875,152.413243451198,150.46929448106488,150.74572634318392,6413700
2021-11-09,149.61325073242188,150.2285416432765,148.56102435652167,149.2298164584749,7990300
2021-11-10,149.47056579589844,150.65655870836895,148.9979538180896,149.3189745583569,6999200
2021-11-11,149.46165466308594,150.41579095562895,148.82852550677035,149.38140287902908,5815300
2021-11-12,148.7928466796875,149.57756699088696,147.7762833704556,149.4973016087992,8113400
2021-11-15,148.5253143310547,149.6221293210665,148.02595185126418,149.1049421860028,6492500
2021-11-16,147.45529174804688,148.98014381598173,147.24127336461063,148.97121787920673,9706100
2021-11-17,146.66165161132812,147.6336262083905,145.69858934398377,147.3215313889373,9909600
2021-11-18,145.3954315185547,147.00053556974544,144.9584823692656,146.59033702075848,8122500
2021-11-19,143.49600219726562,144.55715429078919,142.18516885898444,143.83486114655412,12193600
2021-11-22,146.55467224121094,148.00817139687794,145.34192848522724,146.38524270369217,14549900
2021-11-23,150.05909729003906,150.30877856154126,147.46418092556044,147.58010923254673,12354400
2021-11-24,148.88206481933594,151.09353385270703,148.4183650907444,150.21964920031724,9629800
2021-11-26,144.3966522216797,145.03869366284258,141.62340764972922,144.58391997810585,13619300
2021-11-29,143.7724609375,146.93807954825382,142.51514215060834,145.62724596466452,12104400
2021-11-30,141.63233947753906,143.2374433014271,141.15080152706733,141.92660964580276,18922600
2021-12-01,140.7941131591797,145.59158620494438,140.7138613723036,143.56737162742732,12253400
2021-12-02,143.75465393066406,145.57376265007133,141.60559848751728,142.52407198109907,12969900
2021-12-03,141.15078735351562,144.30749349128556,140.16990049774233,144.01322335257078,12681800
2021-12-06,142.81834411621094,145.00306251804062,142.194140802347,143.57630042354154,11186500
2021-12-07,144.96734619140625,145.69855163071142,143.71001408949823,144.35205543487226,9851600
2021-12-08,143.30880737304688,145.5916160450244,142.82726933987516,145.04766447813813,11705700
2021-12-09,143.08580017089844,143.5048972331931,141.4717709956621,142.36349350709168,11189600
2021-12-10,142.51515197753906,144.19158167786043,141.8998610358837,143.85273624840346,10405400
2021-12-13,140.82089233398438,142.48840996389734,140.25019016713733,142.2298162848346,12069000
2021-12-14,141.89987182617188,143.46929925828124,140.26801725883521,140.40177025344812,12563600
2021-12-15,140.8386993408203,142.54189313181374,140.31258616138567,142.54189313181374,14014200
2021-12-16,143.04127502441406,144.29860759104164,141.51642286390228,143.023436756392,19542800
2021-12-17,139.78646850585938,142.12279161596578,138.37754477572813,142.0692904222385,28082000
2021-12-20,137.2717742919922,137.94947854527908,135.3991514565903,137.78004908030573,15148000
2021-12-21,139.18899536132812,140.16096985538925,138.29727264605543,138.58263044611493,11291300
2021-12-22,139.73297119140625,140.0539919692928,138.4310634191967,138.88583718511464,7273000
2021-12-23,140.2323455810547,141.89095080477836,140.18777031904727,140.54445405478066,8055200
2021-12-27,141.03488159179688,141.0705445169588,139.41193956142254,140.53551899986942,6188100
2021-12-28,141.46292114257812,142.8094178311062,140.96355849270313,141.07056088721586,6342300
2021-12-29,141.39157104492188,142.34572101294867,141.02596141568108,141.65017828769635,6398900
2021-12-30,141.32022094726562,142.88966173255616,141.222130898185,141.88201064714664,6948200
2021-12-31,141.20433044433594,142.04253856326048,140.85655904827416,141.29349457276007,5805900
2022-01-03,144.19158935546875,145.0298110535667,142.2387140389664,142.55082249476428,13120900
2022-01-04,149.65786743164062,150.3266596579955,146.44765930249227,146.51899877276364,20195800
2022-01-05,146.92178344726562,151.03035618035662,146.87692731344697,150.5459455243577,17539400
2022-01-06,148.48269653320312,150.14226409057565,147.00252614681173,149.72962048334253,14047500
2022-01-07,149.95388793945312,150.28579871431185,148.0700396921458,148.6172517115506,13913300
2022-01-10,150.097412109375,151.88256852359768,148.49165285474012,151.6672809815561,12922500
2022-01-11,150.2499237060547,151.17390264766982,149.19137635202188,150.94065620808104,11854100
2022-01-12,151.10214233398438,152.1337651012082,149.97182784699717,151.12008752741153,12568000
2022-01-13,150.91371154785156,152.33108030867018,150.6087117822518,151.01238955297717,13623400
2022-01-14,141.63803100585938,144.4548232829424,140.74992897736615,144.21261115005007,40158400
2022-01-18,135.699462890625,139.7452341270361,135.04459347863929,139.7452341270361,32324800
2022-01-19,133.60031127929688,136.5606379872775,133.25943479672728,135.9685835962169,22380000
2022-01-20,132.46109008789062,135.10743846814862,132.19196689758874,133.65419240396216,14860800
2022-01-21,130.14663696289062,132.32650579805693,129.4200140178352,132.31754004511797,20705400
2022-01-24,130.03001403808594,130.505459020239,125.20379712835866,127.6348439332284,28471400
2022-01-25,131.44735717773438,131.73442547362257,126.29818254764014,128.86379726741953,18915900
2022-01-26,132.69427490234375,135.07151292084316,130.93602957942716,133.41193192091282,20709100
2022-01-27,130.3529510498047,134.9010924554884,129.29441736258735,134.0399011384233,17536800
2022-01-28,131.51913452148438,131.65368924058268,127.53615057812438,129.34823169494967,14117000
2022-01-31,133.30430603027344,133.47473744678217,129.77882178469122,130.64897881203532,13985700
2022-02-01,135.5918426513672,135.87891102387715,133.03520668854568,133.38506271243384,14584900
2022-02-02,134.50637817382812,135.4034461742531,132.82886539324826,135.00873406395868,12441100
2022-02-03,133.3939971923828,136.04034482323263,133.02619605939879,134.5601882279928,12474900
2022-02-04,136.85665893554688,137.69990484260524,133.45677805701527,133.75281206831244,16654400
2022-02-07,137.31419372558594,137.80757013335244,135.32270183883776,137.49360457278922,12572300
2022-02-08,139.89772033691406,142.1673007704185,138.86609784465506,139.0455086665912,20411400
2022-02-09,140.48085021972656,141.2254045926412,139.78113829498025,140.4718707795561,9131100
2022-02-10,139.89772033691406,142.66069079686912,139.24286467717144,140.5346444961809,16455600
2022-02-11,138.07664489746094,141.9071274250925,137.22443340553946,139.59269134856447,16830000
2022-02-14,136.79388427734375,137.86138354343666,134.84724864411163,137.00917180548444,17026500
2022-02-15,138.79434204101562,139.88876593825424,138.01389737377,138.60595176538595,9500000
2022-02-16,139.04550170898438,140.03228171250873,137.91520126799364,137.91520126799364,9076500
2022-02-17,135.84298706054688,137.9062459914781,135.16122037658988,137.25139024977136,11367500
2022-02-18,136.47991943359375,138.27405536078084,135.57388571810577,136.4709536816993,11733300
2022-02-22,136.23773193359375,137.46672457433567,134.92802013483595,135.09846526890644,11333500
2022-02-23,133.38504028320312,137.52052422308435,132.73915024183813,137.35904486865755,11799000
2022-02-24,129.67115783691406,130.06586987305138,125.39214044612532,128.22687808004906,25655100
2022-02-25,132.73915100097656,134.67682113615314,129.994125153562,130.29912498368114,18367700
2022-02-28,127.2042465209961,130.128683305058,126.3789455946014,128.7741155380686,31315300
2022-03-01,122.4049072265625,126.02008962110743,119.83032683874998,125.62537757109381,36840400
2022-03-02,124.94364166259766,125.62540847879444,122.5484715205508,123.15847124743644,19405600
2022-03-03,124.0555191040039,126.46863404695728,122.95212937312257,125.44597714532254,16640800
2022-03-04,120.5659408569336,121.48095410375014,118.77180475079963,121.0503652709662,21016000
2022-03-07,115.91014862060547,119.0319410594169,115.6769022077085,118.56546192179273,27560100
2022-03-08,115.09381103515625,118.22456915671027,114.16982537539673,116.29587870181693,19207800
2022-03-09,119.7047348022461,121.3194596524537,118.80766696192731,119.22031050309934,17536200
2022-03-10,118.28739166259766,119.7137265533272,116.90591291126006,118.28739166259766,15604200
2022-03-11,115.62310028076172,120.27888564488445,115.20147720270465,118.85255073222608,20061800
2022-03-14,116.77132415771484,119.23826082477186,115.92807816141368,116.1344136290496,15786900
2022-03-15,118.84355926513672,119.80342855069624,117.63252573451514,118.23355962390583,15096600
2022-03-16,124.15415954589844,124.23490603887522,120.59279981548367,120.98751177877895,20354900
2022-03-17,125.72406768798828,125.75995807135548,121.92947409305869,122.77272015596984,17050500
2022-03-18,125.67921447753906,126.35201538226215,124.20802371340471,125.75994730094517,23656500
2022-03-21,125.27552795410156,126.27127388012174,124.45022712081358,125.90348644062438,12676100
2022-03-22,127.93984985351562,129.11500689104912,127.13249402735198,127.62588422697335,13548600
2022-03-23,125.39216613769531,127.01585705598157,124.87186504601617,126.46864501888555,12093200
2022-03-24,126.20849609375,126.2264412860091,124.79112704504428,125.85864012963835,10017600
2022-03-25,127.31185913085938,128.44215961866655,126.30714758614188,126.56729122248187,8383500
2022-03-28,126.36993408203125,126.45964633550693,123.70564167418681,125.5894894918315,10818100
2022-03-29,126.64803314208984,128.81894939581042,125.80480085682807,128.59468243216045,11316500
2022-03-30,126.07389831542969,127.49126703396254,125.50875492854195,127.29391102959924,8771000
2022-03-31,122.28829193115234,125.90347415479127,122.23445636382974,125.43699505517598,17353900
2022-04-01,121.38226318359375,123.26611137030076,120.02769549501501,123.25713193029321,15721300
2022-04-04,121.92052459716797,122.84450361359507,119.21137519489497,120.31476508756735,17416400
2022-04-05,120.50165557861328,122.3633109192165,120.20342722944417,121.16137910388022,12110300
2022-04-06,118.82980346679688,119.79677389446677,118.35083435773585,118.9111347216262,12914700
2022-04-07,118.46829223632812,119.2183792164561,116.33551895235917,118.34177237158552,12994200
2022-04-08,120.6372299194336,121.00774354023187,118.8297952808065,118.9924577792596,13126900
2022-04-11,120.19438171386719,121.9114387939278,119.80578995591968,120.19438171386719,10466400
2022-04-12,118.87496948242188,121.62227784070798,118.11585024775015,119.41720538697705,12989900
2022-04-13,115.04322052001953,116.8054665809154,113.8774243201899,114.71788172495935,30838000
2022-04-14,113.97682189941406,115.9469257775669,112.98272740989371,114.32023197182036,18835200
2022-04-18,116.09153747558594,116.79643590922333,113.45267755927001,113.57015833327083,11834400
2022-04-19,118.49539184570312,118.67614631282241,115.88364975553472,116.08246863766212,15015400
2022-04-20,118.9111099243164,120.65527748799845,118.69421283370293,119.76060629218166,13430200
2022-04-21,117.98932647705078,120.02269036750445,117.44710438004198,119.4895004790748,12174200
2022-04-22,114.60039520263672,117.95319264604935,114.49195353307734,117.73629551729815,14318800
2022-04-25,114.5642318725586,114.88053842349174,111.25663034816019,113.87741173207873,17149000
2022-04-26,111.17530059814453,114.23890862656471,111.03974851730746,112.63932512452813,17209500
2022-04-27,109.72936248779297,111.66331712699217,109.5486217699453,110.55174861207772,17215200
2022-04-28,111.46448516845703,111.74464221162738,109.47630992531687,110.98551611682517,13015600
2022-04-29,107.86770629882812,111.7085051378511,107.45199713421772,111.2024256148152,14874800
2022-05-02,108.8527603149414,109.08772877433148,106.83747433251453,108.33764166212026,18545000
2022-05-03,111.1843490600586,112.21458633002966,109.15098493856574,109.82877297906336,15720900
2022-05-04,114.86247253417969,115.13359049410413,110.92226438022381,110.97649210909837,17128500
2022-05-05,111.98865509033203,113.95875923720516,110.39811747978256,113.19060084992145,15055400
2022-05-06,111.80789947509766,112.32301803273535,109.51245682857419,111.88019850998393,14417900
2022-05-09,110.12699127197266,111.45545681268602,108.89793518633415,110.35292059808538,14312300
2022-05-10,107.44293975830078,111.86211641350623,106.24099420067569,111.25662753072615,16382400
2022-05-11,106.76517486572266,111.05783258734287,106.58443414063375,107.81349037672508,14630300
2022-05-12,106.6747817993164,106.92782151851247,104.26185846936285,105.73491506029154,16318800
2022-05-13,107.62370300292969,108.67201850760863,106.60250481218553,107.91289919303422,10443200
2022-05-16,106.87361145019531,107.958069468724,105.94278372024193,107.12665119486428,10269000
2022-05-17,110.41618347167969,111.13012098857104,109.17808824950363,109.38594626877723,11160200
2022-05-18,108.52740478515625,110.22639768329066,108.02132531497953,109.62090876078413,12664900
2022-05-19,106.9188003540039,108.12978522094872,106.30427226364752,106.81035868176338,12765800
2022-05-20,106.04218292236328,108.14784585136711,103.94555909675869,107.95806604887714,13150100
2022-05-23,112.60318756103516,114.38351195643533,108.85275894209595,108.86179804671684,24376700
2022-05-24,114.1937255859375,115.21492371545938,111.25664418073296,112.3862908750424,19324900
2022-05-25,114.98899841308594,115.54930567526587,113.11830369743468,114.12143054877978,12780400
2022-05-26,116.9771728515625,117.65496084587582,115.86560440198564,116.01018869398546,15990900
2022-05-27,118.6309814453125,118.6309814453125,116.7060590600973,117.62785462635095,11177800
2022-05-31,119.4985580444336,120.32997646797354,117.22119993242023,117.64593445986876,17015000
2022-06-01,117.40190887451172,120.0769041580333,116.28129454298582,120.0769041580333,10768000
2022-06-02,119.29067993164062,119.29971214009548,116.28129976042759,117.3928681441484,8374800
2022-06-03,117.62785339355469,119.08283887626558,117.47422309906129,118.57675936743264,8596000
2022-06-06,117.23924255371094,119.6431339034861,116.99524880898599,118.46829864467907,11323500
2022-06-07,117.54651641845703,117.77244574458803,116.2361152951919,116.42590199657988,6722200
2022-06-08,115.67581176757812,116.98619906483145,114.68172413916363,116.57952904701233,8422100
2022-06-09,113.24480438232422,115.7661831872911,113.20865486558762,115.10646657277493,13560100
2022-06-10,108.03942108154297,111.51873179413899,107.8315630397564,110.78671599029653,12945200
2022-06-13,104.82215881347656,106.59344374399414,103.98170151990705,105.60839527998199,16805600
2022-06-14,103.07799530029297,106.02411569368229,102.31887606109719,104.42453907119632,13357900
2022-06-15,104.29801177978516,105.68973028599125,102.27368016294533,104.487791576086,14083500
2022-06-16,102.50865173339844,103.2587387333875,101.09885497761422,102.89725044105892,16724900
2022-06-17,102.14717102050781,103.59311740229734,101.36094133828087,102.60806879979629,30919900
2022-06-21,104.67758178710938,105.7620398438149,103.96364425676538,104.71373130830838,11680500
2022-06-22,104.09014892578125,105.01193744982425,103.37621149974488,103.81903100380764,9842700
2022-06-23,102.95146942138672,104.09015510857078,100.7464039779636,103.93652482790742,11851500
2022-06-24,106.02411651611328,106.47597517956328,101.96642764888085,102.32791595860405,14841100
2022-06-27,105.17461395263672,107.09049705722877,104.50586509987413,106.69285925000018,11280500
2022-06-28,104.66854095458984,107.80444119495111,104.46972203868671,106.34041663724126,11590900
2022-06-29,104.19861602783203,105.57226340322173,103.68349740020885,104.8312154319951,9338400
2022-06-30,101.76760864257812,103.09607421510097,100.24936325895432,102.27368813884739,15172600
2022-07-01,103.06895446777344,103.40332543547426,100.45721218339673,101.80374894682188,10573600
2022-07-05,102.67691802978516,102.75896869914422,99.650037118661,100.99024674215688,12514200
2022-07-06,102.0113754272461,103.01425645258415,101.00849440190805,101.86550523822852,10656200
2022-07-07,104.5915298461914,104.75563817159926,103.38807111180242,103.47924085796106,10347400
2022-07-08,104.26331329345703,105.43942180068538,103.57952976291537,104.99268517502378,8807800
2022-07-11,102.89574432373047,104.1447913871077,102.31224961162279,103.52482738601759,7939500
2022-07-12,102.99602508544922,105.01090619267762,102.34871090712919,102.64045824039744,11250900
2022-07-13,102.02961730957031,102.54929248449999,100.63469314504873,101.88374015936986,12979900
2022-07-14,98.4648208618164,98.67451752235421,96.69609870566313,98.45570180114818,26204800
2022-07-15,102.977783203125,103.82567494631041,98.16394890212585,99.52240367673575,18863900
2022-07-18,101.92018127441406,105.61260693169375,101.46432573975213,104.63707636574932,13977900
2022-07-19,104.44563293457031,104.79208764257848,102.7224993215758,103.14188563923433,11862300
2022-07-20,104.42742156982422,104.60976106222712,103.46100973963846,104.02626633957091,11667500
2022-07-21,105.13855743408203,105.33001599168142,103.36072300222634,104.33625391331232,11595900
2022-07-22,104.62798309326172,105.98643088341088,103.63421423183108,105.06560059004582,7645500
2022-07-25,105.04737091064453,106.17789090842075,104.63709667633044,105.61262743163024,9394000
2022-07-26,103.40629577636719,105.37559555742885,103.05072891964305,104.46388424156075,10675100
2022-07-27,105.06559753417969,105.52145313762384,103.2968825227635,103.94419664495763,9337400
2022-07-28,104.673583984375,105.74029161262165,103.50659450110939,105.0747392276748,10384800
2022-07-29,105.17501831054688,106.21436865768555,104.65534313697755,105.38470801865441,12944500
2022-08-01,104.12654876708984,104.94709034423819,103.08719842130371,104.39094588393793,14740400
2022-08-02,102.50369262695312,104.29976484125143,102.35781549313182,103.86214039559214,14942900
2022-08-03,103.57952117919922,104.02625776783941,101.84726832088568,103.43364403265252,14394500
2022-08-04,102.43988037109375,103.315122368562,101.21818363417832,102.88661695238581,18033900
2022-08-05,105.53970336914062,105.9317395113263,102.15725523809935,102.59487277237781,14174600
2022-08-08,104.2541732788086,106.3966931860686,104.09918404576268,105.98642593252252,10332500
2022-08-09,105.19324493408203,105.74938937109145,104.27242154988383,104.61886933203517,10233800
2022-08-10,107.93749237060547,108.83097243993163,107.12606992930743,107.54545626199369,12847300
2022-08-11,109.5329818725586,110.49939350865196,108.77625991503429,109.31417313445912,11684900
2022-08-12,111.34730529785156,111.4567131645571,108.89480648250156,110.01620755405946,9906700
2022-08-15,111.64815521240234,111.88520207732508,109.95237178604083,110.44469667973978,8456200
2022-08-16,112.71488189697266,113.27102642726751,111.11027478393764,111.49319191619784,9555000
2022-08-17,111.76669311523438,112.2863752718746,110.94615844977356,111.50230293997612,8149300
2022-08-18,110.90055084228516,111.65727281471146,109.90678896383491,111.44757617620851,9531800
2022-08-19,108.15631103515625,110.30795029981103,107.6822242108551,109.97062156422541,13464500
2022-08-22,106.36936950683594,106.81611310999664,105.30266881678664,106.44230808969557,8967600
2022-08-23,105.32089233398438,106.9346253224517,105.19325330115488,106.38759990235309,7607000
2022-08-24,105.57616424560547,106.13230865779181,104.34534850846225,105.11118956614703,9771300
2022-08-25,108.0833969116211,108.25661735994825,105.46678250410532,105.90440706767208,10758900
2022-08-26,104.54592895507812,109.39623260047188,104.48210944484156,108.91302674356575,11276200
2022-08-29,104.29064178466797,104.7191471540905,103.44275010528837,103.9350749793608,8117300
2022-08-30,104.30889129638672,105.37559182881495,103.3515916662762,104.84679761492905,10745400
2022-08-31,103.68892669677734,104.87414718457181,103.33335289905345,104.37271015520666,10738300
2022-09-01,104.40006256103516,104.5094634649535,102.0296145801338,103.2877736658309,9979800
2022-09-02,103.6706771850586,107.08047504214612,103.19659043319253,105.6399766677429,10666600
2022-09-06,103.69802856445312,104.61885881186029,102.17547255004828,104.23594178233411,9751900
2022-09-07,105.66734313964844,105.85880168171782,102.80457015780182,103.14189889372177,10647900
2022-09-08,108.12895202636719,108.30217938839108,104.50945727880448,105.10207097790298,11435000
2022-09-09,108.64862060546875,109.4509309026302,108.19276501146497,108.62127038275723,9299700
2022-09-12,109.93413543701172,110.81849639199207,109.21388277219066,109.97060471880314,8614600
2022-09-13,106.11407470703125,108.42070311911871,105.55793027299376,107.64574992677623,12904600
2022-09-14,105.867919921875,107.43605753368846,104.73739288822108,106.39670719576539,9345700
2022-09-15,107.46341705322266,108.84009615439363,105.53970558898975,105.86792222450472,10821400
2022-09-16,106.74314880371094,107.03489610903685,105.1841234887689,107.02577704942541,14844100
2022-09-19,107.72781372070312,108.24748889878178,105.31177731335993,105.75851391589639,8201300
2022-09-20,105.60352325439453,107.29930685625395,104.51858456400993,107.04402880105883,9619000
2022-09-21,102.55841064453125,106.30554495291823,102.49459112650202,106.25084449626627,12606300
2022-09-22,101.39142608642578,103.57041582167501,101.26378704421248,103.36983819653808,11684500
2022-09-23,99.504150390625,100.59820094472008,97.69896628078774,100.33381084286007,18138600
2022-09-26,97.36164093017578,99.93266626360436,96.6960886864614,98.46481065934786,15753600
2022-09-27,96.50464630126953,98.61981638341935,95.41059544891144,98.23689928067458,12793600
2022-09-28,98.4557113647461,99.13038280362507,96.31319098274241,96.59581928866372,12762600
2022-09-29,96.78727722167969,97.80838944996462,95.1826633483393,97.50752304449979,12713900
2022-09-30,95.27383422851562,98.1183760894761,95.18266448644368,96.69610168109314,15973400
2022-10-03,98.21865844726562,98.7930340448525,95.23735869093113,96.29494710582061,12248100
2022-10-04,102.81365966796875,103.01423722676307,100.16058393285408,100.8443672710326,16013600
2022-10-05,101.54426574707031,102.05938977299623,100.10927337882613,100.9555505694297,10943500
2022-10-06,99.47456359863281,101.36029653834461,99.2905927343852,100.68878954956745,11521400
2022-10-07,97.48765563964844,99.07902403370649,96.83454290299183,98.9042467927951,11681100
2022-10-10,96.57697296142578,98.71106718331806,96.14463372809632,98.17754889137375,8931700
2022-10-11,93.7897720336914,96.16303395752341,93.68858595816101,96.00665802917217,12739700
2022-10-12,95.30757141113281,96.33782660968231,93.1642762215454,93.64261174938743,13181000
2022-10-13,100.60600280761719,101.0935319046176,93.60580418327433,93.80817634083039,22398700
2022-10-14,102.28016662597656,106.00562932530556,101.84782736783814,102.98846218515489,33387100
2022-10-17,106.57594299316406,107.63379295362031,105.15934495313265,106.16200506074296,22276300
2022-10-18,109.31714630126953,110.51297790830733,107.58779640955845,110.07144505078197,21539700
2022-10-19,107.1738510131836,109.30794505734121,106.40115803927876,108.53525208343639,17072000
2022-10-20,106.82430267333984,109.19756456102361,106.38276982142175,107.77177291324199,12207400
2022-10-21,112.43550872802734,112.58268401100781,107.00828419362908,107.12786454967811,20593300
2022-10-24,112.57347869873047,113.23578498979896,111.607621205954,112.28832177486858,12624200
2022-10-25,112.86783599853516,113.39216064136113,111.2028766449723,112.08594935825614,11289100
2022-10-26,114.16485595703125,115.16750904136775,113.03341485332959,113.14380157648334,11667000
2022-10-27,114.61558532714844,116.08737315924878,114.25683726238766,115.16750488693133,10727600
2022-10-28,115.97698211669922,116.16095294595698,114.1096508293876,115.25028541046771,11859500
2022-10-31,115.79302215576172,117.2188208658806,115.52625949950549,115.6274455766385,13295200
2022-11-01,117.88113403320312,118.0007214209963,116.20698078449065,116.70371058030126,13386900
2022-11-02,116.79569244384766,119.91404577370217,116.49213418602916,117.42120323963776,16546100
2022-11-03,117.00724029541016,117.90870726342665,115.82061641151631,116.18855810244017,12474400
2022-11-04,120.2083740234375,120.34636268011572,118.16627945813835,119.11374261581228,14953200
2022-11-07,120.84309387207031,121.68937102228881,120.02441164791836,120.50274709319883,12011200
2022-11-08,120.91670227050781,121.47782257403853,119.71167687343655,120.72353776048482,9884100
2022-11-09,119.34371185302734,120.89827740581053,118.86537643274565,120.79710537290492,9494000
2022-11-10,124.25579833984375,124.41217424976585,121.9101316188624,122.00212405344004,16351600
2022-11-11,124.45818328857422,125.25846421475916,123.05997954818707,124.35699721454469,10704700
2022-11-14,123.17957305908203,124.85372614294145,123.17957305908203,123.99825532210671,11085600
2022-11-15,122.28731536865234,124.83535493400622,121.05469500040243,123.88787750662262,14038300
2022-11-16,122.45285034179688,122.85759459573194,121.45019737205082,122.34247064929635,7893400
2022-11-17,121.91934204101562,122.2413015703091,120.7603130004973,121.42261931967256,8820200
2022-11-18,123.11519622802734,123.87868876460769,121.68020361896717,123.78671033658652,9468500
2022-11-21,122.38850402832031,123.777500379645,122.11254067720121,123.0232155250705,7800500
2022-11-22,124.2190170288086,124.43059685736328,122.97720316575173,123.2623601112816,9185700
2022-11-23,125.54362487792969,125.56202617450363,124.05344268520541,124.12703383542443,7316200
2022-11-25,125.78282165527344,126.15076343473466,125.15730378689436,125.54364686615239,3220500
2022-11-28,123.58432006835938,125.75520996446024,123.43713776175792,125.16649477413172,9906900
2022-11-29,125.61721801757812,125.69080916896263,123.63950670489845,123.86947378944618,7925300
2022-11-30,127.10739135742188,127.10739135742188,122.51725765348817,125.18487003351966,14761200
2022-12-01,125.32284545898438,127.5489247624895,124.57774044548115,127.10737793165623,8858500
2022-12-02,124.32938385009766,124.50416104623557,122.65521706190735,123.71307386734632,8931900
2022-12-05,120.84309387207031,123.78668365587976,120.13480538826083,123.48312543307155,10154500
2022-12-06,121.04546356201172,124.28340383678933,119.46328899797697,122.70122927275459,13966700
2022-12-07,120.96267700195312,122.41607054683801,119.88643281485801,120.78789978560783,11739400
2022-12-08,122.23210906982422,122.32408748184625,120.89828875277405,121.72617867743384,8907300
2022-12-09,121.56980895996094,123.04158995225265,121.42262664990848,121.60659751943524,7957800
2022-12-12,123.45551300048828,123.8602432040971,121.05465652061713,121.79053982614178,8841600
2022-12-13,123.33592987060547,126.10472809805329,122.41606167112549,125.92075726537226,10025400
2022-12-14,122.71963500976562,124.83533493694605,122.12171218465129,123.0599817940416,9966100
2022-12-15,119.67487335205078,121.49620868498153,118.7090088144396,120.64072385358537,12087800
2022-12-16,118.92976379394531,119.49088400641774,118.13867651137888,118.80098279613571,21133700
2022-12-19,119.6380615234375,120.80629812297502,118.74578820421029,119.26091217488259,9017200
2022-12-20,120.21760559082031,121.46862719862709,119.76686501377469,120.47516762453834,8549900
2022-12-21,121.56980895996094,122.32409373584395,121.21106085175659,121.58819622165927,8051700
2022-12-22,120.19001770019531,120.77873295975463,118.12031364198349,120.59476207290714,8648200
2022-12-23,120.76029968261719,120.90748196755251,119.25171635221814,120.11639473111916,5091900
2022-12-27,121.18343353271484,121.62496630877986,120.08878820290722,121.02705763361003,5411000
2022-12-28,121.84574127197266,122.71961320687845,120.51192122619248,121.28462113927331,8827700
2022-12-29,122.54484558105469,122.59084179934095,121.70776213090038,122.27807593663951,6585200
2022-12-30,123.35435485839844,123.56592065481509,121.82736998530295,122.16771679293986,9292500
2023-01-03,124.29259490966797,125.78279103671846,123.16116087896775,124.40298864549719,11054800
2023-01-04,125.45166015625,126.64747787858346,124.706568978585,125.09291203233433,11687600
2023-01-05,125.42386627197266,125.75746558024332,123.894863550833,125.71112959358614,8381300
2023-01-06,127.82386779785156,128.23160168871425,124.62688399322663,126.1466104065999,10029100
2023-01-09,127.29570770263672,128.6949780570482,126.84165182530386,128.43551351578455,8482300
2023-01-10,128.4355010986328,128.54669613706488,127.24009787646544,127.68489216994938,9048700
2023-01-11,129.3899688720703,129.50116391564796,127.97217550743012,128.71349465095616,8703700
2023-01-12,129.26022338867188,130.5297471388715,129.01002042645388,129.73281641530158,11001700
2023-01-13,132.52206420898438,132.96687260835924,124.91416926068361,125.65550245322048,20200000
2023-01-17,130.4741668701172,131.15988851237177,129.01929902091607,130.81702769124448,14292900
2023-01-18,126.55436706542969,130.40927422767282,126.4060975984864,128.73201653467143,13392600
2023-01-19,124.86783599853516,125.93349276488416,123.79290355298434,125.39604068186362,13303400
2023-01-20,125.17362213134766,125.55355730145178,123.75582907193787,125.24775685769139,13092500
2023-01-23,127.20303344726562,127.84243317700324,124.93271193453094,125.21069952158626,10487100
2023-01-24,128.2964630126953,130.00151918684554,125.09947915122558,126.41533864256448,6945000
2023-01-25,128.91734313964844,128.91734313964844,127.1844879739416,127.92582115073874,8967000
2023-01-26,129.71429443359375,129.7884291770242,128.2131047634579,129.19536536933722,7487600
2023-01-27,130.02935791015625,130.90040924581558,129.50115321728592,130.29808395652097,7489900
2023-01-30,128.92662048339844,129.81620899523966,128.72275350365265,129.01927829434823,6729300
2023-01-31,129.69577026367188,129.79770376756338,128.1111701831327,129.62163552086386,9188700
2023-02-01,129.35287475585938,130.54827785151784,127.99067912020439,128.0740895299568,8841800
2023-02-02,128.75054931640625,130.15908092432213,127.87948390282347,129.73280975648757,11822100
2023-02-03,130.74288940429688,131.89195670361985,127.99997463008327,128.04629647186732,11501200
2023-02-06,131.51199340820312,131.80853231502536,129.7606011415751,129.94593088846233,8406200
2023-02-07,133.1151123046875,133.75451193142533,130.82625394160576,131.01159782279282,10447900
2023-02-08,132.17922973632812,133.47655247654606,131.84563044030673,132.18849127741632,6958000
2023-02-09,130.12203979492188,132.82789453708943,129.6123722267593,132.6240275098244,6443100
2023-02-10,130.69656372070312,130.91896796576714,128.4262418439015,129.52897324857133,6582900
2023-02-13,132.1143798828125,132.26263524934998,130.41858452141932,130.93751365369647,7134600
2023-02-14,132.69815063476562,133.26341568088841,131.21549818607522,132.04948930472878,9249400
2023-02-15,133.254150390625,133.3375466721923,130.93749274871482,131.2247560339507,6728300
2023-02-16,131.41932678222656,132.8741800443655,131.28958041438693,132.4293858537453,8165300
2023-02-17,131.80853271484375,132.35526041873317,129.79767596852335,130.64092844038112,7948800
2023-02-21,129.3899688720703,130.97455480207697,128.5745008464841,130.372229463023,9996300
2023-02-22,128.39840698242188,129.20459916701773,127.3605490767579,128.73200618635008,11107500
2023-02-23,129.42701721191406,129.89034870367567,127.82389420955033,128.55595174504145,8068000
2023-02-24,130.5946044921875,130.99307691865604,128.74127856755442,128.90808525344383,9126900
2023-02-27,131.7344207763672,132.80007761336196,131.32668677759347,131.68808479655095,10014700
2023-02-28,132.83712768554688,133.2170487149337,131.49345521613714,132.45719251640682,11019800
2023-03-01,132.0957794189453,132.93904592506237,131.40078234814035,131.67878400441268,7139200
2023-03-02,130.72434997558594,131.98459802144257,129.30654264448808,131.80854393721583,11106800
2023-03-03,133.12440490722656,133.19853964117584,130.7336127614423,131.13207104919564,9513100
2023-03-06,132.3460235595703,133.4765394717512,132.1977540780608,132.92055012572462,9261300
2023-03-07,128.45404052734375,131.87342979188446,127.70344564288506,131.59542802066633,11747600
2023-03-08,127.6941909790039,128.42624868087265,126.85092407880404,127.87952078987817,10002500
2023-03-09,120.78126525878906,127.27718264990011,119.743407109807,126.73044067378717,25888100
2023-03-10,123.8485336303711,125.34046197935763,118.44609243379001,119.50249500830982,37599700
2023-03-13,121.62451934814453,124.0616475748519,119.91946281330038,121.58745904945458,42901100
2023-03-14,124.74736785888672,125.59063457785571,121.66157838884752,125.35896882911182,29648100
2023-03-15,118.85379028320312,121.38359043240389,117.43600410626735,121.37431475303909,34280600
2023-03-16,121.16120147705078,122.27319437967272,116.77808186162777,118.62213946859589,24558500
2023-03-17,116.58346557617188,119.05765400044798,116.2498663425754,118.96499618763241,38396000
2023-03-20,117.81593322753906,119.97505971381725,116.76880658293382,117.67693236359524,22875500
2023-03-21,120.97586822509766,122.06932387515457,120.64226894987145,121.01292852689767,17807800
2023-03-22,117.8530044555664,121.077794911188,117.76033956652832,120.98512295227205,17250200
2023-03-23,117.53793334960938,120.0306591206353,116.77806996061811,118.52020095236227,16677600
2023-03-24,115.74947357177734,116.4630009392736,114.08147741806526,116.41666496338486,22311100
2023-03-27,119.06693267822266,119.89166217375193,117.028269858248,117.49160135325894,18853900
2023-03-28,119.42835235595703,119.85460949047336,118.3719498512991,119.27082131583076,10820500
2023-03-29,119.66925811767578,120.67005584493987,118.39972727457906,120.55886081071779,14595300
2023-03-30,119.30784606933594,120.57736969308077,118.28851831301016,120.41983869989556,12134700
2023-03-31,120.75345611572266,120.78125487519789,119.4005360220757,120.15113080741834,13105200
2023-04-03,120.61446380615234,121.800591357579,119.91946653118723,120.38279804783063,11775400
2023-04-04,119.00205993652344,121.01291693578341,118.06613540333719,120.92952065990403,11579900
2023-04-05,119.17951202392578,119.68383093333486,118.105484753136,118.42302653444963,9614700
2023-04-06,119.04875946044922,119.61846068612611,118.47905823477232,118.60980863489203,8760200
2023-04-10,119.44100189208984,119.75853651896533,117.88133142990569,118.18019048329045,9477300
2023-04-11,120.02940368652344,120.42165491662038,119.11414369093428,119.82393672065467,10516300
2023-04-12,120.01072692871094,121.81321583133814,119.59979297662089,120.6457963086853,11821000
2023-04-13,120.46833801269531,120.515023384301,118.45103403413674,119.97335336759399,12450200
2023-04-14,129.5648651123047,129.92909937936918,125.98789051486388,126.22137438479558,43931300
2023-04-17,130.5922088623047,130.80701004727862,128.56557044137327,130.70427656738232,16050500
2023-04-18,132.05848693847656,132.41338702348074,129.84506414684276,131.00314941057005,13760100
2023-04-19,131.89039611816406,132.15189696503316,131.12456203038505,131.8997303445782,9158100
2023-04-20,131.5074920654297,132.08652767630818,130.60157323830953,130.66695558184935,10586200
2023-04-21,131.25531005859375,131.78766021975875,129.61158844387978,130.50817293873192,11842500
2023-04-24,131.43275451660156,131.77832038308873,130.78833666503863,131.1806021622107,7567500
2023-04-25,128.5749053955078,130.71362578436776,128.53755424384534,130.37740841650321,10629300
2023-04-26,126.29609680175781,128.70565216150288,125.14736009851921,128.52820213199345,14416100
2023-04-27,127.99588775634766,128.79907301093957,126.6977177315601,127.01525244249173,9041100
2023-04-28,129.1072540283203,129.18197058151966,126.7070328529894,127.53823491258476,9887300
2023-05-01,131.87168884277344,133.8983271537462,131.52613727038226,132.86165818584794,20415800
2023-05-02,129.7423095703125,133.00174938505765,129.2846760746085,132.05846547051718,14113400
2023-05-03,126.99653625488281,129.50882485106922,126.79106931945854,129.2940236915707,12930900
2023-05-04,125.25943756103516,126.75374021475564,123.10204861463683,126.04395429213784,17089200
2023-05-05,127.70634460449219,128.7710304978289,126.93117643423547,127.42616110609312,11261400
2023-05-08,128.01454162597656,128.8550778481138,127.46350886850172,128.40679281302224,7484900
2023-05-09,127.39814758300781,127.9024664930123,126.27742781021169,126.9498482733093,7343600
2023-05-10,127.4635238647461,128.9391437900356,125.95988701213741,128.83641030628993,8133400
2023-05-11,127.06193542480469,127.77172131811376,125.98790098344053,126.08130023946373,7057300
2023-05-12,125.24076080322266,127.93983392631426,124.33484219523142,127.7810665956295,9988600
2023-05-15,126.29609680175781,126.70703071204808,125.11000894791336,125.39952667996555,7639500
2023-05-16,125.44623565673828,126.9592067567393,125.11001827332403,126.51092166242904,6477200
2023-05-17,129.3033447265625,129.43409510388457,126.5108871857438,126.92180676395432,12711500
2023-05-18,130.28399658203125,130.49879774748342,128.6589437524678,129.13525995720966,10999600
2023-05-19,129.98513793945312,131.20860543284945,129.00451705077612,130.55483917276476,13492200
2023-05-22,128.91110229492188,132.2826096634749,128.56555075668965,131.68489157670174,11402500
2023-05-23,127.56624603271484,129.8450509240399,127.44484410867604,128.4534819041472,9514900
2023-05-24,126.39883422851562,127.34211825680605,126.15601611517806,126.45486808153771,8578000
2023-05-25,126.70702362060547,127.2673906034073,125.68903737754901,125.91318702081462,8472500
2023-05-26,127.89311981201172,128.5095206147694,126.6696666812411,127.1179516965541,8579900
2023-05-30,128.37879943847656,128.6216175747922,127.03392983577807,127.76239849545193,7399900
2023-05-31,126.74440002441406,127.7997375076155,125.5209324807601,127.69700402687282,14219900
2023-06-01,128.49082946777344,129.0978817558729,126.50154257636122,127.50086025913237,12248100
2023-06-02,131.18991088867188,132.13318054196728,130.13455929337277,130.3400262278686,12922500
2023-06-05,129.90109252929688,130.85371078269984,129.0045223796328,130.85371078269984,8511900
2023-06-06,130.1345977783203,130.84439803493416,129.07926012164796,129.51819679254345,9329500
2023-06-07,131.39540100097656,131.93708535558784,129.6582802260943,130.33071499383752,9281400
2023-06-08,131.43275451660156,131.5821876345027,130.26533500311115,131.37672066007025,7368100
2023-06-09,131.69424438476562,132.43206143627933,130.94710735890789,131.0778577635055,7249100
2023-06-12,131.68490600585938,131.98377220735534,130.52682085114972,131.75028833145842,7596600
2023-06-13,132.63754272460938,133.4313794630357,130.88173917253985,131.1992738679104,7701600
2023-06-14,132.1425323486328,134.12247094836258,131.40471536050583,133.5527697521183,9068700
2023-06-15,133.6368408203125,133.92635857454218,130.77900018075655,131.30200183365224,9343100
2023-06-16,133.79556274414062,134.45866306158092,133.08577706339557,133.59944431624066,13813500
2023-06-20,133.11383056640625,133.55278140759413,131.72226149001006,133.1885471192388,8428600
2023-06-21,132.9176788330078,134.50536599401806,132.32929503334896,133.4593487667666,9926500
2023-06-22,130.3587188720703,133.17920807383072,129.7703349465135,132.90835879827526,10075200
2023-06-23,129.6769561767578,129.98514236609586,128.52820519541405,129.3874241870796,9919500
2023-06-26,129.99449157714844,130.76031131831627,128.59358825115126,129.69562536058743,8429700
2023-06-27,130.0038299560547,130.6015481575484,129.3874290527476,129.81704569009904,8154000
2023-06-28,129.4341278076172,130.0131775541122,128.84575808636748,129.9664779252572,7558600
2023-06-29,133.95440673828125,134.07582295413224,130.61092907037903,130.81639608917473,15423200
2023-06-30,135.83157348632812,136.35457505574118,134.1691695332407,135.04707113220857,14212800
2023-07-03,136.92428588867188,137.73680522331213,136.35458465672096,136.53203468399295,8021600
2023-07-05,136.0121612548828,136.75503110193193,135.74886452312396,136.2942689956518,8934900
2023-07-06,134.66746520996094,134.83672124143538,133.0030424908184,134.48879649989652,9709500
2023-07-07,135.7300262451172,137.1405503169834,134.46996151791234,135.32568289850678,8981500
2023-07-10,136.49169921875,137.28160355919408,135.88047789499134,135.88047789499134,9100100
2023-07-11,138.62631225585938,139.00246063974816,137.0183227540901,137.61073314225018,11260900
2023-07-12,139.31277465820312,140.93017696899278,138.23137845732865,138.65453286860148,11323200
2023-07-13,139.98983764648438,140.46001243736916,138.93665070645315,139.82997993941507,11234900
2023-07-14,140.8361358642578,143.77002144671843,139.55726008625822,142.50995667461993,27028400
2023-07-17,144.23081970214844,144.5787444468276,141.38156169118153,141.38156169118153,17262400
2023-07-18,144.4940948486328,145.18994423405886,143.70420478207672,144.2307981597808,13491700
2023-07-19,145.04888916015625,145.95163086150293,143.13998110224063,143.63836511645943,12510000
2023-07-20,146.83554077148438,147.2492967686027,145.1993421356335,145.31217946263232,9935900
2023-07-21,145.70716857910156,146.8261869060102,145.4626828470377,146.50647148363527,10636400
2023-07-24,148.57521057128906,149.3180803107643,145.50026390451757,145.72595293417018,14381400
2023-07-25,147.4656219482422,148.31193079594107,146.65692076881191,147.9169857104419,9944700
2023-07-26,148.34951782226562,148.81029419886468,146.95780471245106,147.36216242019992,8728600
2023-07-27,146.7133331298828,149.30869258655179,146.27136771662688,148.35894475625432,10778400
2023-07-28,147.55023193359375,148.19907533355618,147.10826655531773,147.89815662979652,9103800
2023-07-31,148.53761291503906,149.87290747944695,147.77591776936478,147.80412710639777,8892700
2023-08-01,147.80410766601562,148.57520103974898,146.83554895902367,148.03919500943294,6853900
2023-08-02,146.13031005859375,146.4030194553348,144.75740779094255,146.28076942585813,8299400
2023-08-03,147.02365112304688,147.55964288063694,145.14295210950536,145.75417354946845,6084000
2023-08-04,146.7133331298828,148.38715409339025,146.41241440230658,147.07065618313624,6209400
2023-08-07,147.4091796875,148.29311049668297,147.25873467525594,147.25873467525594,7251800
2023-08-08,146.5816650390625,146.67569136732507,143.4879075627913,145.11472231111318,8623400
2023-08-09,144.61634826660156,146.2431632885542,144.3154438775193,146.0550962518034,6277800
2023-08-10,144.40003967285156,146.16790099076863,143.9580743433723,145.17113300465522,5995100
2023-08-11,145.2369842529297,145.30281560835894,143.5255555435083,143.90168962180442,5180700
2023-08-14,145.5378875732422,145.6789342505091,143.79823536111664,144.44707877373204,5044300
2023-08-15,141.83291625976562,144.1273713266908,141.268700822504,143.73242626004551,10300300
2023-08-16,141.23104858398438,141.95512148528306,140.75146130908976,141.6165951994828,6978200
2023-08-17,139.76414489746094,142.2372542213868,139.5478541905709,141.87993118346174,9953900
2023-08-18,140.08384704589844,140.5822310649973,138.64511365512735,138.84257898796662,8517500
2023-08-21,140.5634307861328,141.14645719810247,139.19052863393927,140.72328846968446,8327000
2023-08-22,137.6483612060547,140.71389533939447,137.1499771305122,140.35655794613976,9673300
2023-08-23,138.57928466796875,138.7861626811415,136.78322824246797,137.62013862354203,7858000
2023-08-24,138.4476318359375,140.49760089579777,138.22195717332013,138.70153017997455,6534000
2023-08-25,138.27838134765625,139.75472243593128,137.14996494383848,138.49465769081132,6695500
2023-08-28,138.7579803466797,139.74535026556242,138.3536369186339,138.76739302548728,5094100
2023-08-29,139.88638305664062,139.9710254145166,138.4006291608985,138.8990275844994,6337000
2023-08-30,139.32217407226562,140.25311081871706,138.41003398330267,139.7547267719963,6277300
2023-08-31,137.60134887695312,139.50085895109873,137.25342414131575,139.4162165882018,10933900
2023-09-01,138.06211853027344,139.24695371806996,137.00891734808206,137.3756530739663,7903500
2023-09-05,136.53872680664062,139.36918761732844,136.36005812905785,138.38181790077672,7854700
2023-09-06,136.3130645751953,136.85845463739395,135.51376179159,136.06856453152616,8629200
2023-09-07,135.14703369140625,136.60457831204684,134.83671662905607,135.5325804369257,8373700
2023-09-08,135.25047302246094,135.5231680695546,134.1408531289122,134.81790593039398,7107900
2023-09-11,135.84291076660156,136.39771359199148,135.11883755039997,136.11560583970288,6854200
2023-09-12,137.61073303222656,138.53228581057203,135.4573391369855,135.88049351350259,8363200
2023-09-13,137.67654418945312,138.88958847071848,137.1217415471919,138.55106214943183,8325900
2023-09-14,140.34715270996094,140.95837410125364,138.72035221039306,139.02125656733,10034900
2023-09-15,139.9333953857422,140.79851513334847,139.46322067409136,140.0368343962491,19863400
2023-09-18,140.2248992919922,140.2437102977801,138.93662519308836,139.32217189447775,6512400
2023-09-19,140.0462188720703,140.78910287820727,138.42883122468425,140.58222487765715,7943400
2023-09-20,139.4538116455078,141.28749001053504,139.30335230566138,140.7232746604071,7332000
2023-09-21,138.36300659179688,139.97101033791805,137.88343357559577,138.7767626129552,8052400
2023-09-22,137.03712463378906,138.7109455472443,136.5293422319317,138.50406751537056,7071700
2023-09-25,137.7141876220703,137.78001897736758,135.12822638033307,136.6798117345326,7044700
2023-09-26,136.2848358154297,137.1405572392171,135.6265940850523,135.97453313071816,7468400
2023-09-27,137.0841522216797,137.37565827783592,135.88990431067654,136.5293494471504,6717800
2023-09-28,138.7861785888672,139.9898247951475,137.30042466423484,137.55432304561114,8868100
2023-09-29,136.36947631835938,139.88637395090447,136.2190169681453,139.7359289492838,11917800
2023-10-02,135.1940460205078,136.93368391413614,134.12204820895175,136.1908141533554,9170600
2023-10-03,134.19728088378906,135.02477867086904,133.85875449633997,134.6580429468487,9431100
2023-10-04,134.79908752441406,134.9119248569258,133.46377879625967,134.64862818200334,8128700
2023-10-05,135.36746215820312,135.55693133960906,133.40658332997998,134.55279382335263,8576200
2023-10-06,137.4514923095703,138.19037578099838,134.6475135159572,135.37692931115018,10270600
2023-10-09,137.13888549804688,137.7356670989599,135.93582571105355,136.0873952575736,6964900
2023-10-10,137.97251892089844,139.033491521425,137.62202691646297,137.75464668471994,11288800
2023-10-11,138.4461669921875,139.46924000004523,137.3757411371047,138.78719132814007,8698200
2023-10-12,138.1240692138672,139.21345915158898,137.47992027355335,138.58824556518886,10484400
2023-10-13,140.19863891601562,145.03928168920007,140.04706935081757,140.67228296640758,29427000
2023-10-16,140.05654907226562,141.63851843881218,138.98610891137227,141.57220133475337,12663500
2023-10-17,139.75340270996094,141.4395742566608,139.0524043601375,139.7913023258802,11482700
2023-10-18,138.21881103515625,139.7060458454633,137.70726736334078,138.8629600091824,9620300
2023-10-19,137.6314697265625,139.2702884043397,137.24309262471562,137.8114567626337,11143600
2023-10-20,135.41482543945312,137.48938860591738,134.62857461422652,136.94944192742966,13332900
2023-10-23,133.567626953125,136.10635221522327,133.31185510958022,135.40536824661368,10133400
2023-10-24,133.7286834716797,134.25916259068111,132.96138228494746,133.7476332843503,8881400
2023-10-25,132.99923706054688,133.7381205866468,132.15615127028062,133.16028874973279,8242600
2023-10-26,133.3402862548828,134.20232201457276,132.08039117252162,132.39299802343572,9109400
2023-10-27,128.53753662109375,131.76779281322345,128.0638925268039,131.62569091225413,17434700
2023-10-30,130.17636108398438,130.76367522545368,128.8690985580323,129.2480225642003,9855500
2023-10-31,131.72987365722656,131.9003930222097,130.2236891298068,130.45104346496146,9672500
2023-11-01,131.61619567871094,133.12238011414377,131.1709691669338,131.9098526429751,9432000
2023-11-02,133.96546936035156,134.02230432854245,131.89090629457627,132.7055745657376,10186200
2023-11-03,135.4622039794922,136.19161989432564,134.3728284006059,134.6949028990368,9538700
2023-11-06,136.4853057861328,136.58950808173034,135.26329573280952,135.62326992750522,7625100
2023-11-07,136.4189453125,136.65576732228422,135.2916846876805,135.94530129293153,6297900
2023-11-08,137.09153747558594,137.20520742421806,136.049514764893,136.51369114592342,7618200
2023-11-09,136.6842041015625,137.97251659482677,136.1253075486498,137.77359417303023,7992500
2023-11-10,138.71141052246094,138.75877782551825,136.4852918234821,137.29996029086482,7983300
2023-11-13,138.0956573486328,138.5408839096916,137.50834335509538,138.01987256648778,6676300
2023-11-14,140.61544799804688,141.38274904699387,138.79665657901384,138.94821168974792,9927700
2023-11-15,141.84695434570312,142.24481369464235,140.63442648575344,140.63442648575344,8365300
2023-11-16,143.46678161621094,143.54256639967807,142.1784692062087,142.1784692062087,8126200
2023-11-17,144.76455688476562,144.80244204422056,143.55201496519445,144.1772285047075,7812400
2023-11-20,145.20980834960938,145.6455673011771,143.91202808266553,144.06359767055616,7019000
2023-11-21,144.9066619873047,145.53187560312782,144.52775252863756,145.12453420331482,7083500
2023-11-22,145.24766540527344,145.76867667690715,144.8403240640081,145.32345017700808,5174500
2023-11-24,145.44662475585938,146.29919281374606,145.2003350259655,145.49399205704268,3496900
2023-11-27,145.11508178710938,145.4371563062947,144.6603874979965,145.3424217044304,6259100
2023-11-28,145.44662475585938,145.75923159830407,144.6698559434427,145.14350004633388,6582700
2023-11-29,146.1855010986328,147.4264461508105,145.88236197975067,146.04339921623102,9126100
2023-11-30,147.85272216796875,147.90008946187166,146.24233535655063,146.74439687209036,9869800
2023-12-01,148.5726776123047,149.53891562221276,147.60645405686742,147.60645405686742,8916000
2023-12-04,149.66200256347656,149.71883751794113,147.66322475617383,147.7958444680793,9607500
2023-12-05,149.64309692382812,150.1451584423884,148.69580885794556,148.97051603708525,9135600
2023-12-06,148.07061767578125,150.8272298337835,147.77696064362786,150.46725568883625,9366000
2023-12-07,148.52528381347656,149.017877636161,147.91902005266044,148.43056368318955,8130900
2023-12-08,150.16412353515625,150.41041325374513,148.70529167070984,148.97053119979643,7369400
2023-12-11,150.7135467529297,150.90300148739232,149.81361146891027,150.16411790485932,8093900
2023-12-12,152.05870056152344,152.18183819415106,150.50514854635935,150.83669073201253,10223000
2023-12-13,152.57022094726562,153.48909157190943,151.34822564322266,152.05869172694915,12379100
2023-12-14,155.34579467773438,156.1509809623848,153.18597877206992,153.299648728851,13643000
2023-12-15,156.5204315185547,156.5677988213493,153.8301363916895,154.48376758862938,20309300
2023-12-18,157.4677276611328,158.3202957908187,156.899363362481,157.17407060532523,8469600
2023-12-19,159.57066345214844,159.58961325972516,156.823533986712,157.2498107031462,10345700
2023-12-20,157.7708282470703,160.4800726590447,157.6760936599054,159.13492535722085,10734700
2023-12-21,158.67074584960938,159.22964232114157,156.94667468790465,158.04553227748778,7601700
2023-12-22,158.57603454589844,159.36228546485532,158.41499729085479,158.67076914508667,6576300
2023-12-26,159.5138397216797,159.87381381865765,158.36761478125823,158.63286874261556,4683600
2023-12-27,160.47061157226562,160.5369286828718,158.7465546046211,158.99284432729306,6428600
2023-12-28,161.3231658935547,161.6641901868301,160.09168847592298,160.4232450918324,6320100
2023-12-29,161.13368225097656,161.69257865913457,160.68845576869026,161.03894767643905,6435100
2024-01-02,163.0093231201172,163.09457557227162,160.00642185144383,160.17692675575273,9977400
2024-01-03,162.2988739013672,162.9714403661268,161.38947095422876,162.80093544417744,9852300
2024-01-04,163.37591552734375,165.2249889082347,162.54668305166135,162.64200181002505,11972500
2024-01-05,164.19558715820312,165.25356125376524,163.43308081610093,163.43308081610093,10066000
2024-01-08,163.95733642578125,164.2813969569435,161.545920016577,163.95733642578125,11229900
2024-01-09,162.6610870361328,163.73811350184837,162.12733683301676,163.57608322901686,9923600
2024-01-10,163.00418090820312,163.06136634061303,161.03119622846532,162.0319849264367,9670200
2024-01-11,162.31793212890625,162.37511756325273,160.73573390852152,162.3465248460795,11919500
2024-01-12,161.1265106201172,168.04622408294122,160.98353249936034,165.6538747823718,19436500
2024-01-16,160.1162109375,160.21151515002774,156.59916117294043,157.14243736078933,17206400
2024-01-17,159.25839233398438,161.14559906926118,158.68652340442242,159.4966746905354,11107500
2024-01-18,159.5729217529297,159.67776656824674,157.4951066503195,159.28698002537405,9382300
2024-01-19,162.32745361328125,162.57527654660007,159.24884995436918,159.69682190226158,13115700
2024-01-22,162.1368408203125,163.91918812242486,161.7555948824447,162.47044192364703,12837500
2024-01-23,161.0693359375,161.79370901610295,160.54511188027425,161.71745692199738,8360800
2024-01-24,162.5085906982422,162.99468154029353,160.9454587946777,161.42202357678397,9967100
2024-01-25,164.83419799804688,164.8818573759675,162.8993465119901,164.2337218321671,8873500
2024-01-26,164.2051239013672,164.94856363380785,163.72855922448986,164.51965833333819,7443000
2024-01-29,164.634033203125,164.73887801633018,163.27106517505794,164.16700911633845,6971200
2024-01-30,168.0081329345703,168.47515705914157,164.72936528572126,164.72936528572126,10822100
2024-01-31,166.18765258789062,169.94298497281716,166.1685859265556,167.94140729707823,11521800
2024-02-01,165.587158203125,166.6451323652847,163.3949577854356,165.5013800519336,9354800
2024-02-02,166.54029846191406,167.57922057647215,165.1391970596281,165.1773303806104,8607600
2024-02-05,166.32107543945312,166.88341827855515,164.81512928623064,165.71107322302376,7820200
2024-02-06,166.89297485351562,167.62687406891743,165.61577031946283,166.42593618076785,6764800
2024-02-07,167.20748901367188,167.62686829007302,165.8064021309331,167.45531197350942,7225500
2024-02-08,166.6070098876953,167.09310061057664,165.43466488333485,166.7976328450841,6060300
2024-02-09,166.8071746826172,166.89296738361762,165.52998474933108,166.7976486241064,6296700
2024-02-12,167.5505828857422,168.52277878382498,165.55854626240236,166.5879275879727,8539300
2024-02-13,166.09231567382812,167.9699816610953,164.52918411800974,167.10264500375442,8397600
2024-02-14,167.77938842773438,167.84611447513728,166.24484931709256,166.86439223193935,7056700
2024-02-15,171.4393768310547,171.7634518732101,167.8937343759437,167.8937343759437,8723400
2024-02-16,170.63876342773438,171.5442334920447,169.8095454642798,171.1915802512378,8152600
2024-02-20,171.3059539794922,172.00174895752147,170.0478306534527,170.79127046965817,9668000
2024-02-21,172.4210968017578,172.5068894979879,170.15265879624997,171.5156268111509,7024000
2024-02-22,174.48941040039062,174.8229969721862,172.7451818115598,173.2979986219762,9296500
2024-02-23,175.3662872314453,176.5195656852943,174.60378078668188,175.19471637316317,7105800
2024-02-26,174.76577758789062,175.8142255666887,173.92701920485217,175.1374974088103,7145400
2024-02-27,174.8516082763672,174.9373864430662,173.69832969669645,174.71817072474573,5717100
2024-02-28,175.73800659179688,176.51956515120406,174.38456456464726,174.83252201060458,6131600
2024-02-29,177.33924865722656,177.69190187097396,175.23284088916765,176.95800272580232,9643000
2024-03-01,176.6053466796875,177.70145425651842,176.4242643035929,176.9961332386516,6311800
2024-03-04,177.93016052246094,178.79751162610256,175.63313009454149,176.05250928942746,7063600
2024-03-05,179.71255493164062,180.42740199617094,177.62519917623598,177.62519917623598,6617800
2024-03-06,180.64662170410156,181.1613197464156,178.83568158449552,180.37974662423542,7572900
2024-03-07,179.06443786621094,181.57117315213273,177.88256657197127,181.00883022706049,7618300
2024-03-08,179.3979949951172,181.5330098269388,179.112053301202,179.60768460108176,6172200
2024-03-11,179.46473693847656,179.6077150814977,177.49176654847534,178.50208143397947,5762600
2024-03-12,180.9420928955078,181.24710130313005,179.10256002169075,180.09380825926033,5708400
2024-03-13,182.409912109375,182.74349867848787,180.94208466575625,181.437716033799,7795500
2024-03-14,179.1597137451172,182.64817043581905,178.33049591704497,182.07628704457,10310900
2024-03-15,181.3805389404297,181.99054121239186,177.73957742644203,177.73957742644203,17214200
2024-03-18,183.6299285888672,183.66804736877484,180.98975586451206,181.69507691341752,9013800
2024-03-19,184.70693969726562,184.84037723128353,183.36303829879972,183.6775727454706,8478700
2024-03-20,187.12789916992188,187.34711486243472,184.53538600625475,185.08820281034855,9367000
2024-03-21,189.7299346923828,190.08258791393138,187.12789552103195,187.30899243272455,11203800
2024-03-22,187.40428161621094,191.08336136082147,187.32802952563463,189.68226010163048,8108800
2024-03-25,185.6886749267578,187.70930458163005,185.25022900773442,187.38524407916947,8620000
2024-03-26,186.55601501464844,187.44243292704115,184.96429064801697,185.46944807092873,5961500
2024-03-27,190.16836547851562,190.244617569139,187.17554000364467,187.28991086778012,8725800
2024-03-28,190.9118194580078,191.31213205601443,189.23430242605596,190.1397869801665,8628300
2024-04-01,189.61557006835938,191.52182891767458,189.26291683518835,190.61635887297004,7309000
2024-04-02,189.539306640625,190.41618391366802,188.79586689731462,189.09133467432258,7014700
2024-04-03,189.0055694580078,190.2065073077986,188.43368598081162,189.71087593046866,9353400
2024-04-04,187.5675506591797,191.43106726420515,187.47169050881533,190.92296311911807,9243800
2024-04-05,189.2931671142578,189.93548708042957,187.0498380452217,188.05646456443594,6532300
2024-04-08,190.28060913085938,190.75995368251904,189.45613591686737,189.45613591686737,8001000
2024-04-09,189.0055694580078,190.6641123023522,186.85811501755413,189.88757639283557,7351500
2024-04-10,187.3949432373047,188.92885151517444,186.1582262140192,187.47164011404152,7681400
2024-04-11,187.35659790039062,188.44951748332386,185.2570811252899,187.90305769185724,10137700
2024-04-12,175.23880004882812,181.12515140756062,174.99912773840998,180.54036501343975,31532300
2024-04-15,175.3346405029297,179.71585650140818,174.67314271511265,176.8781304650247,14766600
2024-04-16,173.33099365234375,175.59350053236452,172.2284924010812,175.34423200208582,16451800
2024-04-17,172.64076232910156,174.8840916689121,171.79711110588238,173.87746502819599,9017100
2024-04-18,173.76239013671875,175.78522461530977,172.53526932423483,173.61859263073782,9557700
2024-04-19,178.1244354248047,178.20113230723476,173.91579091483374,174.86488374948237,13402300
2024-04-22,181.58529663085938,182.27555391774052,178.2969855796847,178.3065818323909,11529700
2024-04-23,184.2025146484375,184.28879315265974,182.6494430587006,183.23424396804157,9144400
2024-04-24,185.10369873046875,185.24749624840408,182.313909855042,182.65903852652195,6964900
2024-04-25,185.3817138671875,185.92817369729963,183.28218231517408,184.30798671411355,9802300
2024-04-26,185.4967803955078,186.81976155716063,185.0845364286734,185.5734772876732,6413700
2024-04-29,185.29544067382812,186.23495195973294,184.48054903205914,185.48717558117502,5387800
2024-04-30,183.8190460205078,186.93478547211615,183.7231712629308,184.8448357100977,8153700
2024-05-01,183.93409729003906,186.42669488243652,182.90829289804591,184.3271633446403,7445300
2024-05-02,183.74237060546875,185.50635517485986,181.69077635818138,185.09412585167607,6501700
2024-05-03,182.6398468017578,184.5764027909394,180.67454593960358,184.06829876150786,8922800
2024-05-06,184.06829833984375,184.2600332249276,181.9783632240918,183.80944819934183,7911100
2024-05-07,183.82862854003906,184.95987461709856,183.7327537819952,183.78069116101713,7688800
2024-05-08,187.5675506591797,188.5262399334478,183.10965138520797,183.10965138520797,9227600
2024-05-09,189.3411102294922,189.42738874358233,187.04026208314102,187.10736271795474,7977300
2024-05-10,190.5586700439453,191.10511532034124,190.07932540957398,190.33816097965962,7529800
2024-05-13,190.52029418945312,191.59403600454803,189.85879632323068,190.5874094528372,7049200
2024-05-14,193.18545532226562,193.2525705878791,189.97385528104797,190.77915069779183,8596200
2024-05-15,193.76065063476562,194.3166920568384,191.5173216973383,193.6647758753469,8370000
2024-05-16,194.1057891845703,196.03274906827554,193.6456224984565,193.86611690223924,8497900
2024-05-17,196.3299560546875,196.57922461043975,194.43175552282327,195.3904447287962,9260500
2024-05-20,187.50042724609375,197.37492849755048,187.32785559089572,195.94647638612952,17373300
2024-05-21,191.2776336669922,191.64192554021187,188.47826353814492,188.86173328735507,14420800
2024-05-22,190.1176300048828,192.6389869781935,189.52324745359738,190.7791278137312,9425300
2024-05-23,188.78504943847656,190.1080450328782,187.97017250806806,189.63828212351265,8069400
2024-05-24,192.41848754882812,192.46641029905086,189.3986082346554,189.580761496491,7356200
2024-05-28,191.25848388671875,192.13089451702652,190.45318851802023,191.6036125630803,6910200
2024-05-29,189.92591857910156,190.76956975878625,188.7563165812428,189.82046218164098,6120000
2024-05-30,191.0955047607422,191.59402720097117,190.2039162690166,190.35731003961553,6829100
2024-05-31,194.25918579101562,194.9015057616244,190.1559974279023,191.06674918836447,14417900
2024-06-03,193.48265075683594,194.05785546823523,190.9612936179844,193.95239907688003,6444300
2024-06-04,190.93252563476562,193.63602130368506,190.08887454138957,191.89121473962575,6848300
2024-06-05,189.1110076904297,191.56526408846938,188.78505690537415,191.50773045425237,8351600
2024-06-06,188.77548217773438,189.8396277088891,187.26075158024344,189.11101459986781,7640300
2024-06-07,191.68988037109375,192.61980995746194,188.8713321096013,189.2739797714667,6964500
2024-06-10,191.36395263671875,192.54313626193007,190.24228802320997,191.0092423122621,6070800
2024-06-11,186.330810546875,189.76291921555642,185.60221211085312,189.73415971337363,9235300
2024-06-12,183.61773681640625,188.5933359833063,183.406824027288,187.9030786059077,12751300
2024-06-13,185.6597442626953,186.54173652510667,182.99458959650315,184.37510431277676,8587800
2024-06-14,185.7747802734375,186.81016629946183,183.5122733191848,183.54103282309364,6874000
2024-06-17,186.9252166748047,187.50043604788635,184.68188745097152,185.4871828705368,8725400
2024-06-18,188.86175537109375,189.78210335662163,186.11032229627904,186.5609073499265,9023000
2024-06-20,190.46273803710938,191.2105142717684,188.0084965871072,188.27692833142413,8731100
2024-06-21,188.19070434570312,189.02475931939392,186.19662893286005,188.5837704524639,20972100
2024-06-24,190.66409301757812,190.99962542574337,188.957627588703,189.6382886582382,9785900
2024-06-25,189.88755798339844,191.80493619273605,189.57118882344554,189.90672123301874,6862500
2024-06-26,189.27398681640625,189.7629276320688,188.1715001746751,189.29316469485687,7758600
2024-06-27,190.94212341308594,191.60362129195104,188.765894864985,189.2835952173299,7913500
2024-06-28,193.9044647216797,194.23043015450833,191.06675299288662,191.74741410626976,15307600
2024-07-01,196.96267700195312,198.5349265754009,194.28794079062752,194.46049781077463,10205800
2024-07-02,200.2030487060547,200.2318082090956,196.31077325787848,196.8092810628776,7802900
2024-07-03,200.06883239746094,201.68901933140828,199.07178753267723,200.893305615925,5560900
2024-07-05,197.41783142089844,199.90495668701004,197.15756164535284,199.53864617381842,8093100
2024-07-08,197.78414916992188,199.45186733579698,196.6273505271732,197.65882429121405,8707000
2024-07-09,200.15560913085938,202.2089220462034,198.05407849563014,198.22760639114142,9058900
2024-07-10,200.3194580078125,200.4833364513415,198.1793741060949,198.71921243995314,8328500
2024-07-11,199.9820556640625,200.60866530004373,197.98658073254825,198.7867035323604,10658100
2024-07-12,197.56243896484375,199.9820770572198,194.82467866192138,196.65627534258937,15443400
2024-07-15,202.48849487304688,203.99233468764302,199.2783684798156,199.7314503097893,10719700
2024-07-16,205.92994689941406,206.04563705444227,200.58938632777566,202.44026700381434,11557000
2024-07-17,209.06295776367188,209.72812101590785,205.59256190040833,206.1034814139679,11572500
2024-07-18,202.42100524902344,208.84125795726533,201.70765364332567,207.86762186082976,12415100
2024-07-19,202.2281951904297,204.70568563674118,201.3991534690736,203.59707529601897,8095900
2024-07-22,202.710205078125,204.53216706260875,202.16073195111863,202.8837329720962,7663200
2024-07-23,202.75839233398438,203.86698792954928,201.81367519196866,203.42355557512025,5557300
2024-07-24,201.08102416992188,204.39719093826727,200.57975409339878,202.0064718741431,7119000
2024-07-25,201.15814208984375,202.62342813048153,200.56046601291564,201.1388579458968,6403800
2024-07-26,204.59963989257812,205.48651931773958,201.10994520654938,201.7076360111633,8027800
2024-07-29,203.25965881347656,205.92029682887753,202.9704555117069,204.99484920511273,6533600
2024-07-30,207.44346618652344,208.0218582079843,205.2937471565801,205.5540169469651,8850700
2024-07-31,205.1394805908203,208.6002417445629,205.01415571416632,207.0481990555499,9071600
2024-08-01,200.47372436523438,206.13240750216778,198.9506004887708,205.5250819532728,10918600
2024-08-02,191.97120666503906,197.3021323543609,189.80220387142558,196.54057784566848,18041700
2024-08-05,187.8838348388672,189.1081205261127,184.02782989843283,187.06444261471978,13927000
2024-08-06,193.12802124023438,195.30667364113896,187.01625639153167,188.3658523579827,10605800
2024-08-07,193.18588256835938,198.34329615285105,192.9930852223819,196.18392763321725,9204400
2024-08-08,196.71409606933594,197.53350302957801,194.52580907593605,195.18133758602812,7761200
2024-08-09,198.3914794921875,199.0373586273821,195.59586676952446,196.14535459603678,5540200
2024-08-12,198.76744079589844,199.68323913689548,196.32851855610414,198.97952226974954,6936000
2024-08-13,200.4544219970703,200.59901630057058,198.00585058819286,200.25197526267817,6387800
2024-08-14,202.671630859375,203.1729009253771,199.66393691590284,200.2616277015083,6999800
2024-08-15,203.9344940185547,206.19025370793764,203.50069634128775,205.33229307174528,7001000
2024-08-16,206.26736450195312,206.38303995381162,203.9730366434738,204.06944265968446,7931200
2024-08-19,207.694091796875,207.7712136714554,206.1227795694666,206.29629275515234,6090800
2024-08-20,206.79754638671875,208.22426407748097,205.98777418053737,207.26026285490002,5640000
2024-08-21,206.8746795654297,207.26027419175705,205.17802790680824,206.71078640427385,5202300
2024-08-22,208.8316192626953,208.9954977287081,206.62404791162533,206.8554135333752,5247100
2024-08-23,210.4511260986328,211.29945196841106,208.70628606060572,209.76669339782856,7214000
2024-08-26,211.28016662597656,211.771802001634,210.20048985928128,211.125922885165,5105200
2024-08-27,212.25379943847656,212.48516504618274,211.2994475643601,211.60792033180917,5185200
2024-08-28,213.32383728027344,214.2107314043105,211.299443413212,211.35728113662915,6506400
2024-08-29,214.2107391357422,214.9530095590424,211.05845071030296,214.15288670074474,6416100
2024-08-30,216.70750427246094,217.36301812340238,213.9408104229473,214.49029824755388,8574100
2024-09-03,212.36947631835938,216.03268397578447,211.34763735649423,214.29747880021557,8956100
2024-09-04,211.4344024658203,214.0757712679163,209.39072445966104,213.08283641697943,7389500
2024-09-05,209.79559326171875,212.85147540834902,208.2531854035276,212.22486578055634,8067900
2024-09-06,204.81173706054688,210.86566447314522,203.49104518429826,209.76670350231032,7777000
2024-09-09,209.005126953125,210.29688521091413,206.4697987366713,207.4434494984693,8935100
2024-09-10,198.16009521484375,210.7692333693298,193.3882919543516,210.73067979138588,28406900
2024-09-11,199.76998901367188,200.22307080989853,194.56438778018585,197.86127052265937,13658700
2024-09-12,199.1626739501953,201.2641897182195,197.51422525926967,200.1748635449911,9054400
2024-09-13,196.9647674560547,200.36769112363794,195.7115627301204,199.41332446960854,10226700
2024-09-16,200.37730407714844,200.71471040461438,198.18901708097934,198.42038268062674,8634900
2024-09-17,201.71726989746094,202.37278371399074,200.18451137690533,200.2519838182576,7573300
2024-09-18,200.0592041015625,203.73204698540877,199.25908119547495,201.4859220173664,8259900
2024-09-19,202.90298461914062,204.2815140938797,199.87602119841407,202.22818666728926,11635200
2024-09-20,203.4910430908203,203.80916530403834,201.9582844621734,202.37279798547686,20885000
2024-09-23,203.8284454345703,204.17548650492685,202.4306464351734,203.40428249196864,7223500
2024-09-24,203.97303771972656,205.2840801158477,202.79695492131674,203.54887478135018,7323200
2024-09-25,202.62344360351562,204.5996492884681,201.10031972421785,204.0597961831719,8976500
2024-09-26,202.2281951904297,204.07907595472616,201.48591005736264,203.5296028527362,7807500
2024-09-27,202.92227172851562,204.79243658632572,201.7943919833347,203.06686603834945,7032500
2024-09-30,203.26930236816406,203.36570837610932,197.8708895320446,198.88309377750343,8663800
2024-10-01,199.58682250976562,201.56302811498028,198.76743023115927,201.37986551461756,8540100
2024-10-02,199.8278350830078,201.4280808680096,198.2854417354765,199.62540303508803,5810900
2024-10-03,197.84197998046875,199.05663101596807,196.9840194235567,198.7481435436215,7251300
2024-10-04,204.8641357421875,205.30059173762103,200.68383122656712,203.00191264193967,10211700
2024-10-07,204.5828399658203,206.9106297822478,203.3801626203171,204.67983675803367,6718900
2024-10-08,204.4082794189453,204.9708282984031,202.10960030086417,204.2433966990474,6021800
2024-10-09,206.99790954589844,207.79324177053485,203.0794849747064,203.3898480577516,7024000
2024-10-10,206.4353790283203,208.34610048894507,205.106608749474,208.34610048894507,7927100
2024-10-11,215.60101318359375,217.87061094482132,208.6855737425154,209.18022188553982,18320700
2024-10-14,214.8153839111328,216.96858250110924,212.293630063158,216.48362813038722,9048900
2024-10-15,215.697998046875,218.66591634009174,215.14515777638977,216.92978625602393,9235800
2024-10-16,216.910400390625,216.94919023024082,214.38863162622326,215.63982224842857,6382500
2024-10-17,217.6669158935547,219.0538930763408,216.59031660888084,217.521435503585,6470200
2024-10-18,218.58831787109375,219.12177061330635,216.38663578902958,218.2294563898017,7000500
2024-10-21,216.28964233398438,218.90839289110613,216.19264554312963,218.44284085419463,5870000
2024-10-22,217.3759307861328,218.50102841802638,214.4468171991565,216.30904010730856,9586800
2024-10-23,216.6873321533203,218.03550481569224,215.8338076592832,216.9298093573414,6180500
2024-10-24,218.21006774902344,218.28766222544806,214.98997837538428,215.15486108792416,6002200
2024-10-25,215.6204071044922,218.83080262847554,214.23344472630617,218.22946395257756,6369700
2024-10-28,218.71441650390625,218.85020313281026,216.2411463063524,216.6291186743872,6843000
2024-10-29,216.19264221191406,219.9267966077979,216.10535398126922,218.43314372922367,6580000
2024-10-30,217.65721130371094,219.5000318832495,214.91236795234585,215.8434720010865,7110900
2024-10-31,215.24215698242188,218.89871726600515,215.1451749831653,217.93850223567313,7829900
2024-11-01,216.23146057128906,219.34485939228048,215.99867714182966,216.83279926451777,6923500
2024-11-04,213.1665496826172,217.0267824685998,212.57490473705727,215.950183134864,8229600
2024-11-05,214.8250732421875,215.2809314938348,213.3799040189193,213.4090000945877,5600700
2024-11-06,239.6256561279297,240.53737273122323,227.70548396691856,227.92855883805424,23987800
2024-11-07,229.26702880859375,237.21058362240817,228.1419311373641,237.14268290793603,16451100
2024-11-08,229.84896850585938,232.13795371871322,228.68508098059854,232.13795371871322,9502100
2024-11-11,232.08944702148438,234.81490290851687,231.80818000946172,232.7780887124302,9017100
2024-11-12,232.35133361816406,234.194169089919,231.57540367214264,233.31154859132423,6861000
2024-11-13,233.90318298339844,236.74500833825084,233.07875467792292,233.34063416784122,11472600
2024-11-14,234.59182739257812,236.9390048192966,233.7965099040101,235.1252801712944,10172200
2024-11-15,237.9282989501953,239.00489819067897,234.1941593644623,234.1941593644623,11518800
2024-11-18,237.65673828125,240.46946771808433,235.37744681373624,240.30458500761375,9051400
2024-11-19,235.77508544921875,237.77309486021696,234.28143267000485,234.9603657514657,6792700
2024-11-20,233.5346221923828,237.24937439416908,231.4590181077945,237.04568704958282,9015300
2024-11-21,237.39486694335938,238.10291100634333,234.82461460402516,235.9109076984406,8783500
2024-11-22,241.07081604003906,241.6527523940075,235.71691574566026,236.2794645809059,7997300
2024-11-25,242.7584686279297,246.65750617332893,241.56548494002442,242.07953542341588,10295400
2024-11-26,242.4480743408203,243.44707909896903,240.86711845381728,242.95243099918525,6212100
2024-11-27,242.27349853515625,243.63137965588157,241.28420227248876,241.84675111969358,5472300
2024-11-29,242.2056121826172,244.19392806320383,241.94373267843793,242.34139881448183,5494800
2024-12-02,238.84002685546875,242.7196618094662,237.65673701052887,242.04072865244322,8899700
2024-12-03,237.4530792236328,241.54608073886425,237.26879418392127,240.76045697978563,6657700
2024-12-04,236.07577514648438,237.96710897912115,234.9409837266818,237.3366594350314,7346300
2024-12-05,238.09320068359375,239.74204263244474,237.25907854952092,238.00591244621754,6572500
2024-12-06,239.91664123535156,240.28521131504291,237.47246691672382,238.30658907627586,5519700
2024-12-09,236.4734649658203,240.4112923726013,236.42496656531813,239.69356932385114,7076500
2024-12-10,235.55203247070312,240.498572865486,234.93129148152076,236.55103726892423,9108300
2024-12-11,236.20188903808594,236.91962687843437,234.89250623735623,236.6577473583617,7884400
2024-12-12,234.26205444335938,236.75472698403252,233.78679383764873,235.68782146085866,6113800
2024-12-13,232.7198944091797,235.41623939456244,231.94396449404366,234.78580466330752,10392700
2024-12-16,232.3707275390625,233.42792446749883,230.3727179900156,233.36973231358596,9032000
2024-12-17,231.18743896484375,231.82758226052997,229.50950105308948,231.46870597678523,8083600
2024-12-18,223.43788146972656,231.87609971646904,222.6231616444076,231.80819899787568,11322400
2024-12-19,225.94993591308594,229.24761955351914,225.28069654614558,225.28069654614558,11790800
2024-12-20,230.4503173828125,232.0118710112261,224.6211565141942,224.941228167182,32348400
2024-12-23,231.216552734375,231.43962760916577,227.81217825530683,228.966372067765,8611500
2024-12-24,235.0186004638672,235.19319174479392,231.876105403525,232.2252583661107,3729100
2024-12-26,235.82362365722656,235.94000797666132,233.54433207073802,234.16507310711287,4451800
2024-12-27,233.91287231445312,236.06607074717232,232.81687078078448,235.4162337138211,5730200
2024-12-30,232.1185760498047,233.59282673786723,229.97507113678503,231.5851232615298,5723800
2024-12-31,232.496826171875,234.17476411638413,231.83728054536303,232.8265915853147,4871000
2025-01-02,232.77809143066406,235.9593908295792,232.24463867787563,233.67040567185904,9220900
2025-01-03,235.9593963623047,237.51125626141643,233.0302678325568,236.55104128388234,9491100
2025-01-06,234.80902099609375,239.52762084215863,234.54578895426408,237.58752854493912,9917800
2025-01-07,237.07080078125,239.1083757665875,234.85773282590426,236.0666364630763,8753400
2025-01-08,237.03179931640625,238.12370262953496,234.4677604192555,236.66132574542317,8675300
2025-01-10,233.8535614013672,237.69474046339533,232.75191424539267,236.99279835682842,10256800
2025-01-13,238.08470153808594,238.40641134689608,233.00537284810375,233.6585660412529,10005300
2025-01-14,241.26296997070312,241.50669948213948,236.11540387925285,236.5736165508387,12407400
2025-01-15,246.0205535888672,247.3074375627741,237.5680017698704,244.11945166267157,18448500
2025-01-16,247.8924102783203,250.59293737173945,246.00106693044077,247.62917824638126,15292300
2025-01-17,252.6597442626953,254.08311616597211,245.81581595917703,247.76565189599165,17678100
2025-01-21,256.43267822265625,257.6220793628749,252.9912189012906,253.54692929719334,13712100
2025-01-22,256.2474365234375,256.7739005596,253.7224025429303,256.3059292216627,9021900
2025-01-23,259.2794494628906,260.1665986454837,257.1931106983808,258.05104328370686,10749700
2025-01-24,258.197265625,260.4005897068569,256.4131788721569,257.07611593589155,7666300
2025-01-27,259.1819763183594,259.2989617270755,255.68202399762154,257.5441210920563,7522300
2025-01-28,260.4396057128906,260.6248127587292,258.1875177876292,259.18195317720495,7375400
2025-01-29,259.8936462402344,263.8908162812083,258.94797452140983,260.5078493852214,7684900
2025-01-30,261.50225830078125,262.93538890949,259.93262489498824,261.8922195390952,8753500
2025-01-31,260.5955810546875,264.02731160822725,260.26411249024557,262.4771954897471,7193800
2025-02-03,260.1178283691406,261.4437321121244,255.13601245216154,255.26272678047675,8381400
2025-02-04,261.21954345703125,263.07188179280973,260.13736895555724,263.07188179280973,5626000
2025-02-05,263.6470642089844,263.8518184078893,261.59973048488587,262.1651995788102,5704400
2025-02-06,269.95477294921875,270.0327830459936,264.38799981532753,265.61640594638817,7264400
2025-02-07,268.8823547363281,271.56337905921515,267.8196977567854,270.3154852917386,6857900
2025-02-10,264.2417907714844,269.2528539667919,262.8281477293246,269.2236076160228,8627400
2025-02-11,268.0926818847656,269.29184169342403,262.89638221818285,263.4813389480683,7196400
2025-02-12,268.5411376953125,269.5160555598776,266.39630649241644,267.20547522906736,6683900
2025-02-13,269.3893127441406,270.0230034086619,266.9422593718909,268.5898729509256,8398700
2025-02-14,269.652587890625,272.2263859001187,269.516114830682,270.41302280213205,5688600
2025-02-18,272.9283142089844,272.9478018588014,269.09686374213265,269.81832331528267,7919800
2025-02-19,272.245849609375,273.2207676026046,270.26676727320427,271.39767571560697,7007200
2025-02-20,260.1081237792969,271.74864767378955,259.0747130267057,271.69015497097405,13846700
2025-02-21,257.6123352050781,262.4479501394835,256.24745588977726,261.5900174978265,12835600
2025-02-24,254.7850341796875,260.3030729288853,252.12349766706268,258.8309374152343,10372800
2025-02-25,250.94387817382812,256.40342472680305,246.99547231748238,255.65274860472138,9608400
2025-02-26,252.2990264892578,254.36584779830204,250.48566361764875,250.70990545858655,5943600
2025-02-27,252.55245971679688,257.02735887580104,251.39230508329683,253.65412165887105,8204400
2025-02-28,258.0120544433594,258.16804490068563,251.42162869611653,254.19039237134785,10467100
2025-03-03,254.0831298828125,259.64017450358887,251.35337132475837,257.37835755426585,9058300
2025-03-04,243.97320556640625,250.77814324961585,239.78105560243947,248.87704143525806,13465600
2025-03-05,245.2211151123047,246.7029945878236,241.61392160869326,244.9481392715601,7861400
2025-03-06,240.3562774658203,243.10555336966488,237.73376053853926,241.886905868188,9983200
2025-03-07,236.20310974121094,240.53174763621962,233.414843927151,239.07911459680213,20498700
2025-03-10,226.3954620361328,231.55277177640727,222.96374646708685,230.28539026110542,18887200
2025-03-11,223.3927001953125,227.4678649933782,221.00415417455685,225.9372366595305,18143000
2025-03-12,222.1837921142578,228.44277836700155,221.55984522899598,228.13079748633706,16054000
2025-03-13,219.54177856445312,223.74367260665568,218.6058507740928,223.54869198918365,16467900
2025-03-14,226.6099090576172,227.29234858229307,221.87180767763053,222.39825677493306,11962100
2025-03-17,228.06256103515625,229.75892371378134,224.67960925467645,225.38153653003468,9586000
2025-03-18,229.0764617919922,230.2463603051488,227.66283380209185,228.44277110288516,10344900
2025-03-19,233.11260986328125,236.25184655938355,228.99845530816748,229.8271414387536,10120600
2025-03-20,233.01512145996094,235.69614567962623,230.27560454658268,230.626575584927,8328500
2025-03-21,235.56942749023438,236.2226207273677,230.5680936788464,231.8452338048883,19326900
2025-03-24,241.83816528320312,242.45236840534434,238.27972040733326,239.3228749688017,9422700
2025-03-25,244.83114624023438,245.50384199682819,241.40917476122533,243.0567884546642,9287700
2025-03-26,244.73365783691406,248.28235866743117,243.51501036934545,246.26428619669275,12779300
2025-03-27,241.89663696289062,244.353434361877,240.98021170983642,243.27127484247194,8022500
2025-03-28,236.7588348388672,243.25177720979866,235.06247221658606,240.7462457637879,11978400
2025-03-31,239.1473846435547,239.69333633486474,231.40653346417213,233.4051183081998,13603000
2025-04-01,237.54852294921875,239.52760529495902,234.8382521050207,236.53459990075916,8054700
2025-04-02,239.6543426513672,241.0484682086845,235.40369970489934,235.5401876257281,7758800
2025-04-03,222.95399475097656,229.24221273335493,221.59885935670877,228.39403885290514,17188500
2025-04-04,206.26849365234375,213.54694074239666,204.944241574114,211.2025352982525,27170700
2025-04-07,210.34913635253906,217.81396118841425,198.303402775656,201.84453550263905,22914400
2025-04-08,212.73277282714844,223.49349966875857,209.1818362465306,219.2559199603552,19485700
2025-04-09,229.86949157714844,232.9495891897229,206.9747524141952,208.4461369100307,24022400
2025-04-10,222.77740478515625,225.95560043183374,215.90114050972068,225.61227142302468,18896400
2025-04-11,231.69400024414062,234.02860167946685,220.70766608161722,221.99267276486097,20284500
2025-04-14,230.24224853515625,235.20571653709092,229.1730460537919,232.57685007270544,13017800
2025-04-15,228.68260192871094,234.09728654169723,228.37851816940935,231.59594466733975,10912900
2025-04-16,225.22972106933594,229.1239864114683,223.58176271607732,227.574126341125,9322300
2025-04-17,227.534912109375,229.86949873745436,226.15180704795938,226.39703780490407,9557900
2025-04-21,224.62155151367188,227.3877464470659,222.02209671781299,226.23026455156602,8716200
2025-04-22,231.09564208984375,231.48802026386073,226.95614590207006,227.5545095207112,10701400
2025-04-23,236.28472900390625,242.08197236154456,235.4215120035636,235.63731625364926,14126800
2025-04-24,239.97299194335938,240.78715979495186,233.04767825191306,235.1664754342962,9055200
2025-04-25,238.90379333496094,240.93429610814024,237.13812898804628,239.98279962585002,8588600
2025-04-28,238.580078125,242.13101437011173,236.24547674341366,239.89451126938215,7394300
2025-04-29,239.95338439941406,240.5713706917717,237.07928713486953,237.5697486449445,7216800
2025-04-30,239.95338439941406,240.541944198583,233.88146850985436,236.60844827615284,12991700
2025-05-01,242.1800994873047,243.71033710273736,237.55014133575548,238.20735800557856,8689600
2025-05-02,247.69285583496094,248.78168093946223,244.70105272563194,246.4667021122206,7165000
2025-05-05,247.74191284179688,250.29231865313628,245.80949331599908,246.388234299257,5450700
2025-05-06,244.49505615234375,247.83018834347143,244.2498254039462,245.23074839753636,6369900
2025-05-07,244.63238525390625,247.63400722536448,244.08307077124687,245.08361641763196,8724100
2025-05-08,248.63455200195312,250.9985800051324,246.75118165326785,246.7708043040648,8320100
2025-05-09,248.2519989013672,250.63563464782604,247.52611048052464,249.64490778917525,5087600
2025-05-12,255.08900451660156,258.57129899597703,253.7647824650602,257.8846409478204,9603900
2025-05-13,257.9925842285156,258.6399970419656,255.42257059461764,256.05034578816554,8589000
2025-05-14,260.5724182128906,261.5533412811179,257.28631994724986,257.9827669437803,8643100
2025-05-15,262.3870849609375,264.3783574631619,259.7091843166256,261.8770157752101,9214600
2025-05-16,262.45574951171875,263.33857420454694,259.66011303826815,262.3968965278898,8932900
2025-05-19,259.8268737792969,263.2012510960716,256.933139124985,260.4840753869021,12145000
2025-05-20,260.6116027832031,261.5729180532009,257.2960784147582,257.5118826616805,8436300
2025-05-21,256.0601501464844,260.58219084007044,255.7560664091254,259.3070029050421,7464000
2025-05-22,255.69723510742188,257.2961145987982,253.931555583731,254.49068892966963,6514100
2025-05-23,255.73641967773438,256.99199988462357,251.11628086099114,251.9108260735714,6671800
2025-05-27,260.22906494140625,260.23885381510826,256.99200115618,257.04106526626447,7506600
2025-05-28,258.4634094238281,261.63180170795323,257.88466840636806,261.160947858906,5535400
2025-05-29,259.3265686035156,260.34673674760995,257.5216741549732,259.7483582437718,5081200
2025-05-30,258.96368408203125,260.26829856132497,257.7179225906518,258.4241883810186,10977700
2025-06-02,259.6110534667969,259.9739901433687,256.90369673393997,258.00232557179766,6011200
2025-06-03,261.1903381347656,261.49442184863057,257.86502496413567,258.6988154428008,6998400
2025-06-04,259.1794738769531,262.0241445637471,259.14022857540317,260.84705493579474,5915700
2025-06-05,256.9527893066406,259.68954289634314,255.34406123341302,259.68954289634314,8173800
2025-06-06,260.6606750488281,261.56310742936586,259.2187170664052,259.28735892431575,7738100
2025-06-09,261.6513977050781,262.7892720045682,258.32608422186917,260.9255242470256,8285000
2025-06-10,263.47589111328125,263.77015600263155,260.7783531978045,260.80777968673954,7538100
2025-06-11,263.03448486328125,264.4764428071077,260.71952105435884,263.5543728329388,7434100
2025-06-12,263.12274169921875,263.17180580407035,260.08190474325323,261.76906334571646,6618000
2025-06-13,259.89556884765625,261.92605676944186,257.69828090375347,260.0230636958611,7098300
2025-06-16,265.20233154296875,266.5462212171046,261.75931212188453,261.90644458682067,8566000
2025-06-17,264.37835693359375,265.42795173106725,262.69116817138956,263.0541348281509,6739300
2025-06-18,268.7336730957031,272.4219533800811,264.5745689012487,264.849226160592,9586400
2025-06-20,269.7538146972656,272.00992553694005,268.5865139770169,270.3129479704052,13969700
2025-06-23,272.96142578125,273.2360830171409,266.9189366562568,269.81267140989485,8094600
2025-06-24,275.8944091796875,277.31672955102783,274.1777939507156,274.864422081068,9267900
2025-06-25,278.6409912109375,278.85679547317505,275.55108967897763,276.1298306696613,6826900
2025-06-26,283.2415466308594,283.88895947254906,279.04319693795463,279.2688200288972,8942100
2025-06-27,281.6327819824219,283.19247586135157,279.6022941678673,280.3575940845552,17868600
2025-06-30,284.3793640136719,287.0670832038085,283.40825991352006,284.8600066595423,12689200
2025-07-01,284.869873046875,285.57613885641626,281.12273972582574,285.340726898368,9338300
2025-07-02,286.4295349121094,287.23389900971387,284.17342383730266,286.46878021661104,8158700
2025-07-03,291.75201416015625,292.1462676228288,287.03074848169234,287.95726066275904,6541600
2025-07-07,287.77984619140625,291.7914435365602,285.91695574871414,291.0127726573706,8825700
2025-07-08,278.72174072265625,285.54244302383853,276.28718720828704,285.1185912184717,15440900
2025-07-09,279.0962829589844,283.0783120359289,278.42604907780265,283.05857981144027,11273800
2025-07-10,284.0541076660156,284.1723806999454,278.93858839126966,278.93858839126966,8410900
2025-07-11,282.7431640625,283.2557206237078,279.5792402426265,281.4223984494675,7384700
2025-07-14,284.5567932128906,285.1481583723004,281.1661592607552,282.95018101073435,9079900
2025-07-15,282.4376220703125,287.7601490973643,281.3830008251136,283.8668247126896,12526100
2025-07-16,281.7181091308594,286.5576476938333,278.9484387838449,284.2610694558768,9979800
2025-07-17,285.73956298828125,286.13381646736286,279.3722805662569,279.3722805662569,8509500
2025-07-18,287.08990478515625,288.3022635940587,284.09355419862834,285.365019447414,12217000
2025-07-21,286.794189453125,289.95811320350606,286.4097720406625,286.8237577094983,7898100
2025-07-22,287.2475891113281,289.41602825063205,285.02987956960806,287.3165917383993,6717500
2025-07-23,292.5011291503906,292.72780910920665,288.3515263055785,288.6373728619252,7083500
2025-07-24,292.29412841796875,295.2905090775473,291.9491754148663,293.1516681080147,7001200
2025-07-25,294.33441162109375,294.6103920554469,291.71258245493334,292.4419829511327,5918500
2025-07-28,293.9992980957031,295.13278810430046,292.5602593912129,293.3882007039174,5840400
2025-07-29,292.7771301269531,296.9661375577531,291.94918873841937,295.69464217411235,7635700
2025-07-30,295.3299255371094,296.29584201458954,293.1122159565272,293.1516503269176,8061700
2025-07-31,291.9885559082031,296.66055111466636,291.2591855090535,294.8469611494763,14749700
2025-08-01,285.2171936035156,287.61231301174155,280.1608103552954,286.23241068269874,12007100
2025-08-04,290.0369873046875,290.0961238185278,286.0943926240756,286.0943926240756,6649500
2025-08-05,287.1884460449219,291.54502636918687,283.11771225513746,290.4608068242693,7182300
2025-08-06,287.16876220703125,289.08092314098127,285.99583781724914,288.1051104485434,6330200
2025-08-07,282.8220520019531,289.2484709612734,282.29965937267906,288.7359444448802,8057100
2025-08-08,284.61590576171875,287.0504590616496,280.6240107941869,284.8327496617793,6634100
2025-08-11,285.4044189453125,287.1391701841974,284.6356142061902,285.2467115527221,5510100
2025-08-12,288.6472473144531,290.5199739550687,286.1732592848133,287.31661546362176,8570900
2025-08-13,286.36053466796875,290.32283187703916,283.0389031406188,289.7314666813669,8420400
2025-08-14,289.9384460449219,289.9778804180479,285.4833244293079,286.4098066006694,6322400
2025-08-15,286.3210754394531,291.2591849519308,285.660707668408,290.6086532135509,7340500
2025-08-18,287.3461608886719,287.7108460905947,284.2709417940018,285.8381195988006,5386900
2025-08-19,286.4886779785156,288.2825659770611,285.37489004447787,286.6562214265169,6031500
2025-08-20,288.04595947265625,289.1203129200321,283.1472843493455,286.63648908496583,7374200
2025-08-21,287.28704833984375,288.5683797096441,285.31575079885044,287.7503044651617,6624000
2025-08-22,291.9885559082031,292.8953659306035,285.96625689985,288.9922055724686,8552800
2025-08-25,290.6678161621094,293.08266767966575,289.9187435512912,291.9885819039242,5856300
2025-08-26,294.2851257324219,294.4526691589569,289.2878798394283,289.9384115603751,6714700
2025-08-27,294.9849548339844,296.74927450763425,292.77711127340297,292.98408908730437,6056500
2025-08-28,296.749267578125,296.91681101607145,294.41328492266325,295.71431837356056,6410500
2025-08-29,297.09423828125,298.60227955806266,295.4284896061262,297.70533564994906,6796400
2025-09-02,295.3989562988281,296.1480289299188,290.2735705259471,295.95091721841663,7221900
2025-09-03,295.2116394042969,296.2564245761911,292.1265542897072,296.2564245761911,6316900
2025-09-04,299.4598083496094,300.0610396446901,293.99930589050996,295.694622931837,6605800
2025-09-05,290.1552734375,300.7706992658433,290.08627080836624,299.2922261938372,9837700
2025-09-08,288.70635986328125,292.20540066234315,287.2574550934962,290.6579550877705,8188500
2025-09-09,293.5754699707031,294.7089599546063,288.11496777534006,288.4008143193263,7848200
2025-09-10,296.22686767578125,297.2125163723058,291.1606189374317,292.44198029068025,7787300
2025-09-11,301.1748352050781,301.3424087307021,296.4733014094209,296.91682530734334,7942500
2025-09-12,302.5054626464844,303.13626220753474,299.3415385689925,300.622869917122,6846700
2025-09-15,304.46685791015625,305.50180702662493,302.76170501933825,302.76170501933825,7122000
2025-09-16,304.7527160644531,306.4381668754987,302.7222822014224,305.5510890844016,10525600
2025-09-17,307.2759704589844,308.41932651675705,304.3387266167954,305.9355027165261,8657800
2025-09-18,308.7347412109375,308.94171900765593,305.16666778780973,307.31540473136215,8050700
2025-09-19,310.26251220703125,311.2678631029987,304.68373667454165,309.09945390156855,23568600
2025-09-22,307.95611572265625,309.1980428451836,305.11744234523064,305.3539884334779,7520200
2025-09-23,308.25177001953125,311.77054315707727,306.12276518201463,307.34499004479613,8584400
2025-09-24,308.92205810546875,312.036681822986,307.1971727167786,309.54299157852137,7310500
2025-09-25,308.95159912109375,311.12000822788536,307.3252546914858,309.61196690994507,7083200
2025-09-26,311.52410888671875,313.2489940185383,309.1979925185918,310.3807528469309,7258100
2025-09-29,311.1594543457031,313.4461666504931,309.158588598915,312.50978831201064,6462400
2025-09-30,310.9031677246094,312.85476301381095,305.65950932869447,311.71140689202116,11823300
2025-10-01,306.25091552734375,310.0752375005356,302.99828667529783,309.46414008660315,9235200
2025-10-02,303.13623046875,306.1030425326149,301.7464923414213,305.5510816946321,7600000
2025-10-03,305.5806884765625,307.1873007923745,303.78680048715194,304.0825131673876,6029900
2025-10-06,306.22442626953125,308.7698659390142,302.2131538143922,307.21486689804453,7214500
2025-10-07,304.74871826171875,307.0465480670538,301.78731007714714,306.39285354178503,8454200
2025-10-08,301.1236572265625,305.8282501205831,300.64823485280857,305.2636917190969,6489900
2025-10-09,302.6093444824219,305.09536030036105,300.4898171115272,302.13392206728275,7060300
2025-10-10,298.0137023925781,307.50211054267186,297.9344502139145,302.7380934229591,8597400
2025-10-13,305.0260314941406,306.5017785031187,302.53013174675476,302.6786918104351,10788700
2025-10-14,299.19232177734375,304.0653034578676,291.39755808509767,302.91638858642943,16178800
2025-10-15,302.767822265625,309.13634876005415,302.520212088773,303.4611428511513,11354800
2025-10-16,295.6861572265625,305.72920960204,294.2302082762473,302.43105556912377,10549400
2025-10-17,294.7155456542969,296.68651306450823,291.3876792596173,296.30025689141456,10153500
2025-10-20,299.4696350097656,300.78693806489423,295.3098022126917,295.6465484229892,6894900
2025-10-21,294.25,301.1434582480101,294.16086397135297,298.7763208850087,7372700
2025-10-22,291.29852294921875,295.21077611588424,287.76267234049385,294.92353982678844,8054100
2025-10-23,291.72442626953125,293.53691953831486,289.7138327608809,291.5659521228084,5438800
2025-10-24,297.5679931640625,299.70734860853685,292.6257039619419,293.2496561856281,7228300
2025-10-27,301.2425231933594,301.6188954834183,298.13255521259686,299.27155593587753,5642200
2025-10-28,302.44097900390625,305.0260451309229,300.26202744552563,301.9457586189306,6336000
2025-10-29,302.5895690917969,305.3033671273222,300.1134671686232,300.6086875532579,7520300
2025-10-30,306.4819641113281,309.62164411662417,302.1834552198523,302.8668617019339,7514600
2025-10-31,308.1459045410156,309.8791757592273,304.3129038831637,305.5905808443981,7721300
2025-11-03,306.3928527832031,309.3344630267029,303.28285431242927,308.02707397940236,7770000
2025-11-04,306.2937927246094,309.23540287266394,302.1834697809128,303.7780648320401,7085200
2025-11-05,308.7005615234375,310.107000668758,302.70840715746203,306.6503419445097,6865200
2025-11-06,310.4239501953125,311.83035912038315,307.2941538281452,308.01715622418413,7206100
2025-11-07,311.20635986328125,311.4242580235003,304.6991875199946,308.90856044061366,7302300
2025-11-10,313.86077880859375,316.5052386427636,311.2063746689554,311.9888313123107,5794100
2025-11-11,312.6029052734375,316.00010979819433,312.2661590448994,314.4649387231156,5030200
2025-11-12,317.34710693359375,319.16951418656384,313.1872439213492,313.23678409164455,10578300
2025-11-13,306.5216064453125,317.565014483568,306.1452341336872,316.17840351377913,8973300
2025-11-14,300.70770263671875,304.69920788981074,298.3504790333013,304.57044575572996,10327000
2025-11-17,297.4986572265625,302.66875869849656,294.8244855709175,301.0939616708072,8344000
2025-11-18,296.5478515625,300.05402007948175,294.1806837974681,296.6369875977812,8077300
2025-11-19,300.3709411621094,301.5396841634701,296.409178349521,296.8746866890342,5546600
2025-11-20,295.5277099609375,306.95740445253,295.3098117912242,303.411609711364,7501600
2025-11-21,295.1711120605469,298.7961284719156,290.01092472978763,298.40987233529637,11766800
2025-11-24,295.1513366699219,296.9539460474125,291.69470820468445,295.3890327721484,10940200
2025-11-25,300.103515625,301.5891765934406,292.7346348034667,297.18170363006027,8877200
2025-11-26,304.6991882324219,305.5806647286523,300.30162915288383,302.0844103036798,7910900
2025-11-28,310.0871887207031,310.7210853336642,305.29345893213815,306.14525372757277,4322400
2025-12-01,305.96697998046875,311.038031953238,305.5906076467962,309.958455126882,7727300
2025-12-02,304.9368896484375,307.5120415313108,304.1544330268201,305.7886541478843,7249000
2025-12-03,309.1462707519531,309.37405277594195,303.86720471987456,304.26340519365976,8535300
2025-12-04,313.07830810546875,315.44544563675794,310.00793592177615,310.2654601734084,9627800
2025-12-05,312.0284729003906,315.4355916137351,311.6718985008828,312.62274341566774,6518900
2025-12-08,312.1968078613281,313.44477282870224,310.3546026483966,312.0482477999388,7417200
2025-12-09,297.6373596191406,315.7524991840304,297.15202309779255,311.939326475107,18049200
2025-12-10,307.1455383300781,308.2152311685389,295.60691069504315,297.62741810314117,18874100
2025-12-11,314.3460693359375,314.96013772429524,306.2838676543348,306.2838676543348,9721900
2025-12-12,315.47515869140625,317.20842990436694,313.5735294870918,316.6240735225281,8982900
2025-12-15,316.9608459472656,319.7935222813264,315.3464528736662,316.534963668203,10864100
2025-12-16,312.5335388183594,316.46558945571707,311.3945381021762,316.0397072252412,8331300
2025-12-17,311.9690246582031,316.3170436429019,311.65207637787455,315.3860269605939,8718700
2025-12-18,310.0079345703125,314.66301788263524,309.2353920446346,312.979256626897,11444900
2025-12-19,314.17767333984375,315.51477427620307,310.1961127673861,310.79038320864026,24494400
2025-12-22,320.00146484375,320.14014104266494,314.47481933577194,314.47481933577194,8354600
2025-12-23,322.8143310546875,324.6466524002949,320.00148308544306,320.51650136966475,6668300
2025-12-24,326.02337646484375,326.8355148620812,322.3884458193645,323.1213622604756,4289300
2025-12-26,324.7754211425781,327.6972031402456,323.4185221880518,325.9639318748006,4158300
2025-12-29,320.6551818847656,324.63674268276935,320.43728371815735,323.8741142125664,8635300
2025-12-30,320.3283386230469,321.83379757815135,319.40720581728044,321.7050354533748,7904300
2025-12-31,319.1398010253906,321.77437689354394,318.9615289550125,321.2395304565584,5048500
