Date,Close,High,Low,Open,Volume
2020-01-02,52.94703674316406,53.0366472613868,52.45415610287842,52.45415610287842,12456400
2020-01-03,52.5213623046875,53.298018972674384,52.394410290044334,53.27561064875411,17386900
2020-01-06,52.92463302612305,53.29055592888231,52.44669128037195,52.513899167658025,20081900
2020-01-07,52.49148941040039,52.663246675150795,51.908998342961205,52.64831349028677,17387700
2020-01-08,51.69989776611328,52.49148757911794,51.655086818056034,52.35706612997431,15137700
2020-01-09,52.09569549560547,52.20024488421433,51.25182524788692,51.63268699068455,14811800
2020-01-10,51.6326904296875,52.24505361697494,51.617757243540616,52.22265098899725,11995600
2020-01-13,52.12556076049805,52.17783544798009,51.61027762852249,51.67748549920784,9953900
2020-01-14,51.67750549316406,51.96128736144449,51.446004030106515,51.811926984055894,16261000
2020-01-15,51.59535598754883,51.96874836504453,51.44600131555676,51.67750276639913,11390300
2020-01-16,51.39372253417969,51.96128049826015,51.37878934717116,51.75218169505026,13340300
2020-01-17,51.199546813964844,51.58787796973205,50.99791749280745,51.34143770136216,18144100
2020-01-21,50.467708587646484,51.095004965964634,50.415433889453304,51.06513289592356,17982600
2020-01-22,50.17646789550781,50.55732400607954,50.03457697342305,50.45277459954824,17033100
2020-01-23,49.86281204223633,49.982300329355446,49.32513184274566,49.81800678332422,19605900
2020-01-24,49.526756286621094,49.79559920842388,49.317657502444376,49.69104981633553,18238600
2020-01-27,48.34684371948242,49.08616473336553,48.31697164540998,48.854657583682936,21231000
2020-01-28,48.279632568359375,48.69036073973226,48.26469368357335,48.62315285074068,19664700
2020-01-29,47.876365661621094,48.638083518307376,47.71954156458318,48.56340619079145,14202800
2020-01-30,48.38418197631836,48.45138986531622,47.36855431635048,47.62992782497857,18544700
2020-01-31,46.390262603759766,47.19679140956521,46.19609984426443,47.19679140956521,34282900
2020-02-03,45.352230072021484,45.8675104392825,45.08338715040451,45.83764121924739,27389300
2020-02-04,44.78468322753906,46.233444644756254,44.72493907899016,45.889924336873484,31922100
2020-02-05,46.845802307128906,46.995159811836494,45.25515015219438,45.367168992914436,32099200
2020-02-06,46.211036682128906,47.05490131734316,46.13635650505853,46.995160024444324,16055400
2020-02-07,45.90485382080078,46.046741880212295,45.59867222509155,45.86004571578575,15112500
2020-02-10,45.42005157470703,45.844255905013156,45.16249946160253,45.81395497649367,20934500
2020-02-11,45.85182571411133,46.124528267815315,45.579123160407335,45.889703316302146,14908700
2020-02-12,46.412384033203125,46.609334283845044,45.87455557024296,46.46540921182424,17862100
2020-02-13,46.15482711791992,46.52600332959165,45.87455079017624,46.253303677807516,16949400
2020-02-14,45.94272994995117,46.329056653523146,45.66245071105115,46.32148286663781,10855300
2020-02-18,45.35945129394531,45.74577800758823,45.03372354593116,45.56397822104645,18948500
2020-02-19,45.7078857421875,45.91998637493012,45.32155917688425,45.53365980962686,12804900
2020-02-20,45.344303131103516,45.85940736853651,45.238252768630076,45.624579501876994,14817200
2020-02-21,44.79132080078125,45.079170937324506,44.533768701478294,45.079170937324506,20315700
2020-02-24,42.69303894042969,43.78384654828057,42.69303894042969,43.6474952360922,32096600
2020-02-25,41.05681228637695,42.98845137369569,40.88258631038755,42.98845137369569,36414500
2020-02-26,40.155391693115234,41.5264785901328,40.094792715880416,41.321951623860166,29801000
2020-02-27,37.73893737792969,39.723601693993785,37.72378691571177,39.17062282648816,48141300
2020-02-28,38.966102600097656,38.966102600097656,36.36785712229842,36.94356322663866,62446700
2020-03-02,40.814414978027344,40.82198876488796,38.73127394305072,39.83723176264828,38127600
2020-03-03,38.860050201416016,41.01894364517307,38.617648556382,40.86744189461293,50580700
2020-03-04,39.70845031738281,39.75390170298993,38.72369341313638,39.56452526410965,24079600
2020-03-05,37.9586181640625,38.40554672594713,37.148087145168326,38.19344312544997,40788200
2020-03-06,36.125457763671875,37.12536538784038,35.75428146588138,36.996590763202505,55640500
2020-03-09,31.70918846130371,33.762028175745904,30.90623139429847,31.595561452602688,72896300
2020-03-10,32.88332748413086,35.04221791221696,31.398616772546895,34.974042272927115,60445900
2020-03-11,31.80008888244629,32.93634743041692,31.625862918516045,32.1106661033054,51986100
2020-03-12,28.164066314697266,30.792612406407716,28.02771503739696,30.22448304754156,65725300
2020-03-13,28.876123428344727,30.406285657570493,26.51270588433081,30.307809083753693,79891500
2020-03-16,26.126375198364258,28.694319288418537,25.18706677500598,26.05819956368781,48924700
2020-03-17,27.8837890625,28.315567129960225,25.906698495889877,26.671778069387134,41204400
2020-03-18,25.088592529296875,27.80803860155149,23.656906958743896,26.171826108111595,54036400
2020-03-19,26.0809268951416,26.436955572723193,24.505313325096324,25.550672217158844,49412400
2020-03-20,24.800745010375977,26.649058408798222,23.906886351726452,26.391506281262227,76534600
2020-03-23,23.823556900024414,24.77043910678488,22.808499058790986,24.64166162404477,56952500
2020-03-24,26.846010208129883,27.398989212706848,25.247675058292526,26.073353781422693,61835600
2020-03-25,28.24739646911621,29.23215358784042,26.649058514507583,27.656539886157073,56607700
2020-03-26,29.406381607055664,29.966937297883188,27.815620221437392,28.40647395501173,46722000
2020-03-27,27.989845275878906,28.542824269566804,27.421715816515963,28.126196577298483,51558600
2020-03-30,28.406461715698242,28.898841541298896,27.164152919009794,27.444429198834694,45835000
2020-03-31,28.762496948242188,29.88360521657065,28.307991721846072,29.042773292910457,41491600
2020-04-01,28.4291934967041,29.315476839800063,27.52776257957377,27.921665966543586,36045900
2020-04-02,30.603240966796875,31.784948377443335,28.70947612701132,29.3457812287655,62000200
2020-04-03,29.70179557800293,31.95158826312127,29.17911772444162,31.398609490313152,48425700
2020-04-06,30.656261444091797,30.928964001494347,29.716952956333603,30.209332894938807,41301900
2020-04-07,31.239538192749023,32.81514863960233,31.17893634611943,32.496997613762225,48921800
2020-04-08,33.216636657714844,33.36056464585366,31.413774473813056,31.77737700391903,33355600
2020-04-09,32.67123031616211,35.3830999388662,31.61829757621601,34.436217562705224,60107300
2020-04-13,32.39095687866211,33.85294376160528,31.792529305423198,33.67114393088791,29651900
2020-04-14,32.14097213745117,33.14087958754878,31.74706876473766,32.5727502231908,30769000
2020-04-15,30.66383934020996,31.103194161494773,29.83058398283942,31.05774276595145,33125000
2020-04-16,29.656356811523438,30.66383814471423,29.48970459068432,30.66383814471423,30934000
2020-04-17,32.73940658569336,32.815156021365084,30.20176003551024,30.209336712870858,40829100
2020-04-20,31.194091796875,32.37580198825581,30.709288504920483,30.868364043282643,39260800
2020-04-21,31.027433395385742,31.913716584627828,30.01995229697506,30.60323204433071,44381600
2020-04-22,31.913721084594727,32.519725164161706,31.709194165930487,32.26974685590917,27074200
2020-04-23,32.91362762451172,33.830208950013144,32.42882437431775,32.67122599941473,35271000
2020-04-24,33.125732421875,34.004439143965776,32.67123004100779,33.63326287384387,28653800
2020-04-27,33.28480911254883,33.572662171494805,31.989474681775572,33.019683196187906,28274400
2020-04-28,34.065040588378906,34.38319167318653,33.413585064642575,33.6105353233822,26545100
2020-04-29,35.95122528076172,36.05727563250028,34.96646829934676,35.04221772497277,29502500
2020-04-30,35.20130157470703,36.11788305864866,34.67104684452685,36.11788305864866,37076300
2020-05-01,32.67879867553711,35.14069244461723,32.57274832936772,34.564989326988325,35399300
2020-05-04,33.99686813354492,34.04231664155076,31.981902405035484,32.201576936260814,27465600
2020-05-05,33.9589958190918,35.71640953131373,33.83021829475637,35.04222675502802,29276200
2020-05-06,33.32268142700195,34.29228792670663,33.25450578938801,34.03473583901566,22659000
2020-05-07,33.51206588745117,34.29229612357687,33.307538925721374,34.05746822907465,22160300
2020-05-08,34.98161697387695,35.01191789844029,34.07260946456338,34.32258775772808,19977400
2020-05-11,34.6483154296875,34.99676739276819,34.47408655849194,34.928591757412825,22258000
2020-05-12,34.06916427612305,35.2660631862252,34.06916427612305,35.07301487989636,25439100
2020-05-13,32.37806701660156,33.87612103736304,32.123241800199864,33.77573802394767,30827900
2020-05-14,32.66377258300781,32.85682088780772,31.04216800096193,31.71397527687427,24856500
2020-05-15,32.432125091552734,33.212039184558044,32.31629489509491,32.72555942907742,22445600
2020-05-18,35.01124954223633,35.196577257875454,34.02284291398529,34.28538879282499,32026100
2020-05-19,33.93018341064453,36.00738593828675,33.92246277127214,35.17341549320706,21771600
2020-05-20,35.03440856933594,35.196571398153935,34.41665452952618,34.45526360469861,19352400
2020-05-21,34.408931732177734,35.358729061061744,34.27765735001404,35.0884596604581,19130700
2020-05-22,34.439823150634766,34.493876450922286,33.5518025418513,34.015117385939725,15406400
2020-05-26,35.45139694213867,35.752551880399864,35.111632925120595,35.320125485228466,20356500
2020-05-27,35.70623016357422,36.401202573947344,35.06530811902274,36.03055003261144,20788300
2020-05-28,34.77959060668945,35.87610379439547,34.69464886342243,35.85293893557136,19698000
2020-05-29,35.111637115478516,35.28151767141981,34.26222255303508,34.609710194685384,25874700
2020-06-01,35.73710250854492,35.86837689221687,34.59425685710641,34.99579769880374,19031000
2020-06-02,36.532466888427734,36.64057348150045,36.10003757045317,36.18497930663422,22319000
2020-06-03,38.02280807495117,38.14635891335077,37.02667778340698,37.06528686809104,23418000
2020-06-04,37.91468811035156,37.95330013012509,37.18882750213557,37.74480759521886,18731400
2020-06-05,40.98801803588867,41.27372870601302,39.84516946402447,39.88378148204629,41328900
2020-06-08,42.26985549926758,42.74861444075257,41.281446236793926,42.25441128235733,33579400
2020-06-09,41.327789306640625,41.67527691051809,40.501542640578606,40.83358602365219,27276900
2020-06-10,39.11159896850586,41.312349097283736,39.07298693990496,41.312349097283736,31156800
2020-06-11,35.65989303588867,37.713927453544684,35.598116147208884,36.70235299404453,39183000
2020-06-12,36.42435836791992,37.54403929802933,35.4513960573825,37.09616869339586,30978100
2020-06-15,36.40119552612305,36.87995459777634,34.555653815975894,35.01896866651986,27929300
2020-06-16,37.21971893310547,38.41661800025816,36.47841404649675,38.27762296580856,26203400
2020-06-17,36.00737762451172,37.16566767811627,35.98420982037455,37.065281715345705,19279400
2020-06-18,36.2313117980957,36.5479139102006,35.34329118285843,35.60583704859901,21478700
2020-06-19,35.50544357299805,37.26604315565938,35.50544357299805,37.23515766586503,48899900
2020-06-22,35.845218658447266,35.86066288098253,35.057583928938435,35.28151779148917,17565400
2020-06-23,36.06143569946289,36.46297665802787,35.906996416063386,36.215874982862395,18916600
2020-06-24,34.362606048583984,35.49000769737111,34.16955769999643,35.45139861679041,27626900
2020-06-25,34.879974365234375,34.93403061311053,33.73712848995488,34.015118584476596,19353600
2020-06-26,33.68306350708008,34.70235820306391,33.59040115626783,34.656028500499296,31518600
2020-06-29,34.22360610961914,34.42437801303254,33.62129629074616,33.82978883089841,17052100
2020-06-30,34.53248977661133,34.72553812653302,33.327867012653705,33.53635958405122,22153600
2020-07-01,33.752567291259766,35.04213159027749,33.72167885334332,34.354880047896195,17290100
2020-07-02,34.03828430175781,34.895416446382704,33.92245412091679,34.455266472281,18216600
2020-07-06,34.27766036987305,34.81047563606163,33.85295464086042,34.49387355285758,22692000
2020-07-07,33.3896369934082,33.97650255970235,33.28925104741772,33.8992844139764,17407600
2020-07-08,33.31241989135742,33.9224533309712,33.0807624807538,33.32014347426502,18291400
2020-07-09,31.937923431396484,33.281538463402946,31.88387012238958,33.12710212091717,25882000
2020-07-10,32.934051513671875,32.98038123500195,31.7371493207853,31.752593543123393,18951000
2020-07-13,32.9417724609375,33.42825515925515,32.60972904176497,33.188874129296,20028300
2020-07-14,34.030555725097656,34.123218088763075,32.632884905428526,32.841377432938295,21444100
2020-07-15,34.46299362182617,34.81820189282827,34.138670849318565,34.77186922656028,17332400
2020-07-16,34.192718505859375,34.601982959414194,33.814345437064766,34.21588630800861,14673700
2020-07-17,33.60585403442383,34.509318815502546,33.50546807685382,34.23133169141325,17958900
2020-07-20,32.81821823120117,33.598132238947606,32.802774010316185,33.366474817040626,18553900
2020-07-21,34.47843551635742,34.89541770188319,33.28925700691513,33.320145449008585,28821800
2020-07-22,33.67534637451172,34.09233141506272,33.490018707927945,34.09233141506272,21345400
2020-07-23,33.74485397338867,33.83751636155156,33.21976219765862,33.513196530139346,17934400
2020-07-24,33.5363655090332,34.300835460201505,33.35103776426492,33.883853189420876,16415300
2020-07-27,34.030555725097656,34.045999943322464,33.181144342517214,33.38191328807286,18547900
2020-07-28,33.629024505615234,34.16956051533364,33.55952697657024,33.907014621795234,19190500
2020-07-29,33.99967956542969,34.04601223683415,33.46686709985853,33.75257787597485,14143200
2020-07-30,32.33173370361328,33.34330802014279,32.300848209322766,33.304698943016824,29901100
2020-07-31,32.493892669677734,32.563387232815415,31.590425055003465,31.783473363319466,32116200
2020-08-03,32.62517547607422,32.81822385167229,32.02286548682726,32.47073618645887,23033600
2020-08-04,33.56724548339844,33.66762849685854,32.61744802723801,32.69466618308176,17724000
2020-08-05,33.86068344116211,34.215894686152275,33.61358175941162,34.092343845277036,17175100
2020-08-06,33.698516845703125,33.899288763444254,33.39736191477526,33.513192093909275,14434900
2020-08-07,33.54408264160156,33.60585953196104,33.05760288559989,33.381922722934334,18757900
2020-08-10,34.37032699584961,34.43982451979415,33.66763111849218,33.968789019374555,24367800
2020-08-11,34.72553634643555,35.84521436203728,34.54020864390999,35.13479788467111,28987500
2020-08-12,34.71766662597656,35.38697856870725,34.35545082176458,35.009013859469114,22503200
2020-08-13,33.86723709106445,34.54442485451188,33.79636853433633,34.25307767853888,17338700
2020-08-14,34.0168571472168,34.07984976403234,33.394788910756986,33.544399004015865,13595700
2020-08-17,33.575897216796875,33.993232695066595,33.44203602708642,33.993232695066595,15554600
2020-08-18,33.41054153442383,34.00898497786118,33.30030218987986,33.53652978587363,13014000
2020-08-19,33.04045104980469,33.59165079831197,32.969582467799505,33.347547237228135,14473100
2020-08-20,32.536495208740234,32.985328521339575,32.52074630256873,32.827842463421256,15678500
2020-08-21,32.29237747192383,32.55222980381843,32.05614999079854,32.52073200532295,25517700
2020-08-24,33.24517822265625,33.47352983379789,32.3553846221089,32.504994712690866,18208900
2020-08-25,32.19001388549805,33.12705085508274,32.0482767971514,32.80420593246991,31285600
2020-08-26,31.504959106445312,32.15852508601645,31.4970861565765,32.00103905447433,26795000
2020-08-27,31.292354583740234,31.73331184165197,30.953760687103134,31.497084310085537,32034300
2020-08-28,32.04039764404297,32.221505460211894,31.30809042869315,31.371086018905853,33477100
2020-08-31,31.449831008911133,32.06402606677534,31.418336214088804,32.00103046953988,25259600
2020-09-01,31.048246383666992,31.300222779576288,30.749023287101362,31.300222779576288,22464100
2020-09-02,30.859270095825195,31.27660854371191,30.670289254794046,30.890767903929156,26413400
2020-09-03,30.796276092529297,31.520707623424293,30.615168209805546,30.867144655664344,28817200
2020-09-04,30.772661209106445,31.33173388724258,30.43406722008386,31.07188142896145,24632500
2020-09-08,30.063968658447266,30.457682231235946,29.410402685795894,30.119088318333986,38496400
2020-09-09,29.882862091064453,30.58367180087527,29.859237233075607,30.197831160884746,25886100
2020-09-10,29.134801864624023,30.21357611962968,29.056060358400163,30.13483461340582,34381200
2020-09-11,29.056058883666992,29.37890384887237,28.733213918461615,29.237166741826517,26838600
2020-09-14,28.86707878112793,29.142677078121416,28.73321760938714,29.06393556577932,26129900
2020-09-15,28.559980392456055,29.43402492697905,28.512733686553545,28.977315781309194,23724200
2020-09-16,29.77262306213379,30.040348426228007,28.559984471601368,28.709594555967183,30890900
2020-09-17,29.764745712280273,29.90648283978892,29.11118273880925,29.41040289350866,24696200
2020-09-18,29.284414291381836,29.78049423125712,28.89857667443141,29.552139639464162,46853800
2020-09-21,28.68597412109375,28.906452783447943,28.095403700819457,28.68597412109375,35351800
2020-09-22,27.97728729248047,29.00881799986295,27.930043583184233,28.709594824535845,27303200
2020-09-23,27.079614639282227,28.182013664814615,27.048116837685143,28.071774363020513,31251400
2020-09-24,27.02449607849121,27.41820960294918,26.583535849731796,27.087491684226475,26796000
2020-09-25,27.27647590637207,27.51270344984187,26.6780325959955,26.77252301262418,23486000
2020-09-28,27.804054260253906,28.268636407467312,27.638692272821423,27.670190080312967,23396500
2020-09-29,26.992998123168945,27.646564011899866,26.764646563157857,27.55994655640099,20770500
2020-09-30,27.03237533569336,27.49695446770251,26.874889305899046,27.276475828268175,22223700
2020-10-01,26.08746337890625,26.851265702811563,25.937850291907026,26.607165198838207,36890200
2020-10-02,25.96934700012207,26.260694204038327,25.363027735250373,25.394525542105157,32694300
2020-10-05,26.567792892456055,26.57566584214639,26.118956661407353,26.23707193333535,22965200
2020-10-06,26.29218864440918,27.10323754239689,26.22919604256146,26.867010028825263,26731800
2020-10-07,26.37881088256836,26.567794729964618,26.15045627640515,26.489050208634364,23779300
2020-10-08,27.76468276977539,27.82767838991069,26.58354192640702,26.678035356609968,34413700
2020-10-09,27.35521697998047,28.308002987525303,27.28434842548068,28.095397324025942,29228600
2020-10-12,27.26861000061035,27.347351534175445,26.95363785875605,27.19774141888298,17912800
2020-10-13,26.945758819580078,27.457584679720117,26.851265396092696,27.347345356114456,20995100
2020-10-14,26.89063835144043,27.426089053294547,26.796144930786507,26.819769787848085,17743000
2020-10-15,27.126859664916992,27.134732612931774,26.197695601806203,26.536289438556516,23251600
2020-10-16,26.851259231567383,27.27647052825153,26.678027335870414,27.063864879909456,22627200
2020-10-19,26.315811157226562,27.06386747220166,26.292189306413373,26.851261803495312,23645800
2020-10-20,26.536293029785156,26.71740089659006,26.244945853081255,26.504795225872325,23040600
2020-10-21,26.111082077026367,26.473297816027944,26.095333174835524,26.386680355876273,28619300
2020-10-22,27.449708938598633,27.5284504463688,26.000842967537327,26.12683118224718,31831500
2020-10-23,26.898515701293945,27.62295035916196,26.66228811860967,27.5363328779585,27429100
2020-10-26,26.26068687438965,26.59140774646462,25.94571790514173,26.46541955800638,30888700
2020-10-27,25.84336280822754,26.142586012436304,25.74887237671828,26.103215249623833,27100700
2020-10-28,24.85907554626465,25.496892636092515,24.819704788476916,25.276410985647914,42136400
2020-10-29,25.961471557617188,26.087459769143376,24.496856721252833,24.733084242389943,38622800
2020-10-30,25.685871124267578,26.095333576138543,25.205540113345943,25.520512154414686,47885700
2020-11-02,26.764650344848633,27.13473906545914,25.646502221741528,26.095335460202513,40130300
2020-11-03,26.30793571472168,27.158358308942947,26.0874571179068,27.158358308942947,36773000
2020-11-04,26.166200637817383,26.882759136637212,25.615001099387708,26.19769844088098,35410100
2020-11-05,26.118959426879883,26.709529841457112,26.095337571511664,26.276445471526436,30824100
2020-11-06,25.811859130859375,26.50479581332021,25.685870916211584,26.063835560154956,33985600
2020-11-09,29.079679489135742,29.93009909122209,28.394618836927904,28.678090035092925,76879400
2020-11-10,29.724824905395508,30.184486892487843,29.015170069987278,29.878044542337243,49055400
2020-11-11,29.418378829956055,29.934490253527205,29.184514879817023,29.910298491880663,34124500
2020-11-12,28.410348892211914,29.265160394701926,28.120035435658064,28.918397441181146,30933700
2020-11-13,29.09581756591797,29.23290834915389,28.53131941012909,28.547448280439337,29241500
2020-11-16,30.773174285888672,30.78123718139019,29.918362778184278,30.31351233563008,38596800
2020-11-17,31.1844425201416,31.216700247322393,30.144156966823665,30.490919843351705,26521100
2020-11-18,30.007064819335938,31.555401970477064,29.99900192522916,31.466694753970756,31068000
2020-11-19,30.16029167175293,30.240932929057035,29.48289465109138,29.72482149927048,26954400
2020-11-20,29.789331436157227,30.168352082054074,29.66030358933842,30.119965485897072,18351000
2020-11-23,31.74088478088379,31.797334278182024,30.063519500402297,30.240933964063537,29367600
2020-11-24,33.853721618652344,33.934365965574706,32.43441495175888,32.66827586716552,46979300
2020-11-25,32.91020584106445,33.63598650596929,32.781177962219104,33.603728767191136,28178200
2020-11-27,32.410221099853516,33.01503987704889,32.152165334351544,32.8214995910561,14971900
2020-11-30,30.74898338317871,32.16022700796738,30.619955517677283,32.09571153708318,45614300
2020-12-01,31.04737091064453,31.974761142378807,31.023179138496566,31.41832577283101,32472900
2020-12-02,32.20861053466797,32.59569413116991,30.918331879661526,30.95865251083042,29369500
2020-12-03,32.42634201049805,32.77310493707649,32.03925845725698,32.31344302533606,27038900
2020-12-04,33.61178207397461,33.676294450953215,32.78116560917849,32.87793571277946,28723600
2020-12-07,32.98278045654297,33.49889191310953,32.797300017839106,33.4021187078031,24899400
2020-12-08,34.063385009765625,34.345632460122495,32.611817904311735,32.68439625958443,32573800
2020-12-09,34.514991760253906,35.26496730797264,34.17629471355123,34.44241338220798,37824800
2020-12-10,35.490760803222656,35.861718619306934,34.48272961267562,34.837558560559096,38058700
2020-12-11,35.321407318115234,35.426243408495864,34.845616540254355,35.240766064755746,25478800
2020-12-14,34.04725646972656,35.85364632179514,34.01499873901585,35.75687620592952,30595000
2020-12-15,34.708534240722656,34.8536909931074,33.9182380756654,34.22467737401774,27138400
2020-12-16,35.24077606201172,35.57141021660795,34.64402015855468,35.281096700129794,34273000
2020-12-17,35.0633544921875,35.51495354633976,34.99884209946111,35.48269581184312,21204600
2020-12-18,34.45853805541992,35.305283645310446,34.20854521120699,34.89400827065519,46596800
2020-12-21,33.82952880859375,33.934364918223515,32.68440372777764,33.15213169668952,27869500
2020-12-22,33.25697326660156,33.789213722178616,33.24890729270032,33.53115793015748,21792900
2020-12-23,33.68437576293945,34.184358448248375,33.43438288215123,33.47470352066094,19085900
2020-12-24,33.547271728515625,33.74887793620206,33.36986035761285,33.587595431066184,8039000
2020-12-28,33.660179138183594,34.31338138608438,33.48276466281939,33.61985542922476,23877500
2020-12-29,33.28116226196289,33.966622325589405,33.22471275442977,33.902109921094734,20287700
2020-12-30,33.547271728515625,34.20853984362579,33.281153134028166,33.329539731328886,23807300
2020-12-31,33.2408447265625,33.61179954675878,33.03923844476873,33.44245100835627,22786500
2021-01-04,33.46663284301758,34.07145150885525,33.0634203991258,33.426312213881765,27764700
2021-01-05,35.07948684692383,36.12783871215317,33.73275859860419,33.7408214948965,44035100
2021-01-06,35.974609375,36.36975578841662,35.24076295953137,35.81332380622601,36484800
2021-01-07,36.25687026977539,36.74879005279066,35.910107244904545,36.28912801075582,29528100
2021-01-08,36.66008377075195,36.95039729470268,36.24880832933347,36.450414601380636,28628200
2021-01-11,37.7729377746582,38.01486459953049,36.087509818732656,36.321373749158006,38246200
2021-01-12,38.61162567138672,38.845486558046034,37.829392521865785,38.272925608482026,36915100
2021-01-13,39.04709243774414,39.28095639858355,38.458402626031294,39.13579966952922,29000300
2021-01-14,40.57123947143555,41.192187038764175,39.111609235798106,39.111609235798106,35474800
2021-01-15,38.61969757080078,39.579345409208514,38.13584374100709,39.44225154246414,42411300
2021-01-19,39.385799407958984,39.86965320552214,38.99064978147738,39.07129413191619,24932600
2021-01-20,39.942222595214844,40.11157415489611,39.50675550590126,39.60352562838575,22342400
2021-01-21,38.797096252441406,39.829318975645926,38.45033335456494,39.7809354581622,29044500
2021-01-22,38.24873733520508,38.41808584397478,37.61166085790892,37.91003724139848,23264800
2021-01-25,37.82133102416992,37.942292919754045,37.2245752133137,37.82133102416992,26395800
2021-01-26,36.99072265625,38.59551014017708,36.97459378327503,38.11165317973212,23976800
2021-01-27,36.57136535644531,37.627783006986355,35.91009723206592,36.289117892234586,32410300
2021-01-28,37.14392852783203,37.57133270045667,36.845549127823716,37.04715533396992,24967200
2021-01-29,36.16010284423828,37.127813612601216,35.893981075524685,36.73266394652375,38961100
2021-02-01,36.2246208190918,36.75686443827459,35.716575125583454,36.75686443827459,24412400
2021-02-02,36.79716873168945,37.89390707845396,36.514918173358296,36.942325458541625,31940400
2021-02-03,38.24066162109375,38.442267816252446,36.62781205982417,36.797163601719944,28459300
2021-02-04,38.974525451660156,39.01484609026041,38.10358489181036,38.61163355172274,25280300
2021-02-05,40.280921936035156,40.418012684142525,39.54707544443294,39.65997443140764,34980100
2021-02-08,42.01473617553711,42.224408372825664,40.89380605364382,41.06315454480751,36998700
2021-02-09,41.522666931152344,41.79330484211576,40.817363392719194,41.5554693459448,28977000
2021-02-10,41.92451858520508,42.17055387183431,41.325831573954204,41.52266168036263,25723800
2021-02-11,40.874778747558594,41.76870962507529,40.005450467608156,41.7359040759807,26972200
2021-02-12,41.43244934082031,41.58827096403124,40.522115935437235,40.53851870553972,19756700
2021-02-16,42.67903518676758,43.08089213721627,42.33458324358851,42.61342410101585,28060100
2021-02-17,43.34333419799805,43.687786172765016,42.48220895384419,42.93327425997154,25509700
2021-02-18,42.662635803222656,43.41714457823148,42.53141674980769,43.31053124818176,20627600
2021-02-19,42.949668884277344,43.105493633409324,42.580614384370634,42.736439133502614,22607200
2021-02-22,44.532508850097656,44.950771740785704,43.13010460639808,43.13010460639808,36435100
2021-02-23,45.14759063720703,45.319815030147204,44.07323579014438,45.090182506226974,33527900
2021-02-24,46.50079345703125,46.746828772236,44.99997271581736,45.262410802503595,28728600
2021-02-25,45.72988510131836,46.95186515167903,45.39363606118033,46.73043239912337,29670900
2021-02-26,44.58992004394531,45.155804802026275,43.56477012395433,44.622725592227255,35291000
2021-03-01,46.2547492980957,47.247093319177466,46.033316618195876,46.31215742305031,36998300
2021-03-02,45.98411560058594,46.71402170083196,45.943110237478265,46.459786572459194,30302600
2021-03-03,46.35317611694336,47.53414762103735,45.82829989290158,46.27116225161866,35358900
2021-03-04,48.149234771728516,48.77252759841933,46.828841336550525,46.845244108674905,52137500
2021-03-05,49.96989059448242,50.0683040766374,48.47727307968106,49.06776022962734,51429800
2021-03-08,49.920692443847656,50.527582485689294,49.059567260680986,50.502979892273025,38154600
2021-03-09,49.149776458740234,50.34715053293324,48.77252212772193,49.70745813437971,35645900
2021-03-10,50.658809661865234,50.78182577719879,49.23179957302693,49.633659724872274,31579100
2021-03-11,50.28154754638672,51.29849437639784,50.24053905237093,50.6670017363626,24802600
2021-03-12,50.82282638549805,51.15087243728979,50.43736906792119,50.47837443333155,20422700
2021-03-15,49.527042388916016,50.73261969484991,49.10057964716723,50.429176194791665,31243600
2021-03-16,48.477291107177734,48.928356457345245,47.92780910974836,48.82994293859272,30624800
2021-03-17,48.69051742553711,48.98576108911941,48.07542750257703,48.13283564510591,25575500
2021-03-18,46.59100341796875,48.36246192599307,46.3531679432296,48.23124289312121,38622800
2021-03-19,46.328575134277344,47.13229227138198,45.77089334469304,46.50899938725402,84439400
2021-03-22,45.852901458740234,46.63201595503203,45.844701636646406,46.33677230351017,29315100
2021-03-23,45.28702926635742,46.16455745221937,44.655536464927025,45.05739352951296,33493300
2021-03-24,46.20554733276367,46.976458779719714,45.99231757203408,45.99231757203408,29781800
2021-03-25,46.0743293762207,46.33676745488805,44.69652789896281,45.27881219047419,31495900
2021-03-26,47.32911682128906,47.38652496175603,46.35317530484158,46.992867800621525,34226500
2021-03-29,47.07487869262695,47.41932751368338,46.53359973917484,47.02567037740083,21144400
2021-03-30,46.49258804321289,47.0420699089428,46.328566594107706,46.63201002916262,20303400
2021-03-31,45.787288665771484,46.4433838618729,45.76268294506797,46.2137481968559,23686500
2021-04-01,47.06667709350586,47.115885410144465,46.04152729401842,46.18914911542532,23194500
2021-04-05,46.33677673339844,47.00927483570861,46.041533053650696,46.99287206144381,23264800
2021-04-06,46.20554733276367,47.189691668957906,46.139936250380046,46.61560721213555,18926300
2021-04-07,46.41058349609375,46.55820532274436,46.12354279344481,46.246558896647635,22385000
2021-04-08,45.92671585083008,45.99232694658713,45.36903405093212,45.869307706297285,21999300
2021-04-09,45.820098876953125,46.287566979261854,45.54125798009272,45.926715342122776,20020700
2021-04-12,45.516658782958984,46.57461430551327,45.36083711338883,46.55000857878471,20238800
2021-04-13,45.68887710571289,45.91030984554377,45.18040366342107,45.35262808489763,19370600
2021-04-14,47.00926208496094,47.57514356531543,46.13173423512458,46.26295326514193,28051100
2021-04-15,46.730430603027344,47.091282225632405,46.5664060005672,47.091282225632405,23250300
2021-04-16,46.46799087524414,47.30451350305477,46.28756350595882,47.04207539964465,22752000
2021-04-19,46.320369720458984,46.86164870762884,45.893907014126825,46.54180246000697,21123300
2021-04-20,45.34442901611328,46.31217072692972,44.92616612442514,46.31217072692972,21782100
2021-04-21,45.92671585083008,46.033332317180665,44.532511351085176,44.696535961968564,16625600
2021-04-22,45.328025817871094,45.91851312835827,45.12299584934183,45.91851312835827,21600100
2021-04-23,45.57405471801758,45.87749815260329,45.25420851284499,45.32801941623163,15337900
2021-04-26,45.664268493652344,46.16454204788572,45.467438374680235,45.49204409486963,16083800
2021-04-27,46.26295852661133,46.44338588659579,45.77088789021037,45.934909350004816,19278600
2021-04-28,47.65716552734375,47.944206226712375,46.57460756328352,46.673021070422905,24729800
2021-04-29,48.337860107421875,48.78072555229503,47.6899678401172,48.3214573359256,27318400
2021-04-30,46.943660736083984,48.296856586847994,46.87804964759393,47.83759148145318,30518400
2021-05-03,48.239444732666016,48.37886672071291,47.3537170058424,47.550543999132685,20509600
2021-05-04,48.542903900146484,48.7971422380705,47.985222024287765,48.387082219263185,23522200
2021-05-05,50.002708435058594,50.06831639646938,48.715120516218775,49.01856398582518,31526200
2021-05-06,50.47836685180664,50.55217774986291,49.23178453380542,49.91248538571416,26836800
2021-05-07,51.2000732421875,51.23287878110698,49.90428261144353,50.08470994699228,33610600
2021-05-10,51.32309341430664,52.504061552538936,51.2820849256317,51.864372302626364,31956600
2021-05-11,49.69105911254883,51.1672741359201,49.52703452583896,50.54398446063313,34563800
2021-05-12,49.95732116699219,51.321911023304956,49.71602088959705,49.9323569897578,34426500
2021-05-13,49.34158706665039,50.2984656694493,48.88395071604056,49.09196752759818,24268200
2021-05-14,50.56473922729492,50.656267154485505,49.86580244357686,49.86580244357686,20735400
2021-05-17,51.74626922607422,51.79619441155119,50.28183203368647,50.373359953351674,25282500
2021-05-18,50.28182601928711,51.83779094522521,50.25686501657688,51.58817139586861,25170800
2021-05-19,49.07533264160156,49.807552809080434,48.609373776099545,49.17517983632161,28889800
2021-05-20,48.958839416503906,49.21678141878962,48.45960031268908,49.05036732615641,20692500
2021-05-21,49.02540969848633,49.78259407982511,48.967165234396454,49.441443398605536,20792700
2021-05-24,49.59954071044922,49.75763238171059,48.8340370135167,49.158545982030134,18400300
2021-05-25,48.47624206542969,49.5412904241404,48.35975314512188,49.508006968599595,25616100
2021-05-26,49.042057037353516,49.19182944045588,48.17670925442231,48.46793160818489,21698700
2021-05-27,48.72586441040039,49.674420666980055,48.27654728652002,49.28334800277844,33556000
2021-05-28,48.56776428222656,48.92555345209504,48.35142819476604,48.867308998775485,19246800
2021-06-01,50.306793212890625,50.506490781402114,49.46640655268331,49.46640655268331,28474200
2021-06-02,50.70619201660156,51.01405927517803,50.065499664384745,50.548100335178816,22978300
2021-06-03,50.90589141845703,51.09726656826047,50.21527384934898,50.38168798911719,20272800
2021-06-04,51.13053512573242,51.33855194628131,50.573048396137324,51.13885440195707,20427800
2021-06-07,50.797706604003906,51.36351260604532,50.772745601411856,51.03068759984051,15477900
2021-06-08,51.69634246826172,51.98756475492636,50.48152179254025,51.172139178180494,28953400
2021-06-09,52.1290168762207,52.769705894950604,51.74626351133796,52.14565542879035,29133000
2021-06-10,52.212223052978516,53.235665450656676,51.79618940315399,52.92780143853028,27488700
2021-06-11,51.729618072509766,52.578327026473616,51.70465707136172,52.428554671416194,17631700
2021-06-14,51.64642333984375,52.237190432930014,51.23038963923339,51.83779846123429,16997200
2021-06-15,53.526893615722656,53.58513807571551,51.87939748594335,51.98756712910937,30717100
2021-06-16,53.33551025390625,53.91796114652831,52.88619634448346,53.51856606735406,24803200
2021-06-17,51.579856872558594,53.63506108658959,50.98076735963098,53.13582194187329,28491800
2021-06-18,50.25686264038086,51.21373806335325,50.123732008746245,50.75610171548953,39590700
2021-06-21,52.07909393310547,52.17062184659376,50.67290129829754,50.69786230230891,33145400
2021-06-22,53.07757568359375,53.26063151169785,51.77954950756325,52.29543036284712,25140400
2021-06-23,53.46864700317383,53.834752302031546,52.902840979663054,53.29391363022974,20701600
2021-06-24,53.68498611450195,53.71826957244342,53.09422219350987,53.3771252378418,19568400
2021-06-25,53.80147171020508,54.026127075671745,53.551848994647116,53.759865808222294,18438300
2021-06-28,52.42856979370117,53.71827373506187,52.21223364848832,53.71827373506187,20570000
2021-06-29,52.104061126708984,53.06093993255791,52.07910011973242,52.59498103312173,19579300
2021-06-30,52.486812591552734,52.61162079585556,51.96260924604231,52.17062609396555,17875500
2021-07-01,52.63657760620117,53.601775576665,52.228866394258276,53.526892564503406,22530300
2021-07-02,52.56169509887695,52.68650647605204,51.9376445611719,52.428564444463284,14555300
2021-07-06,51.06397247314453,52.22054558388348,50.672902976314816,52.212226306965846,22110800
2021-07-07,50.265193939208984,51.430089625208666,49.607859899622234,50.90588624910027,21671400
2021-07-08,50.04052734375,50.51480545489494,49.34991312934512,49.466402044491616,18935900
2021-07-09,50.94748306274414,51.130538894025406,50.12373817014849,50.50648838638657,20086000
2021-07-12,50.89755630493164,51.17214004335921,50.05716971057303,50.273505816597996,21809400
2021-07-13,50.6562614440918,51.18046159222409,50.34839423750419,50.756108637914366,17147300
2021-07-14,49.53296661376953,51.36351535516889,49.391516692730754,50.89755651264098,21573600
2021-07-15,49.05036926269531,49.67441975414415,48.9005968908208,49.23342191514255,15851100
2021-07-16,47.694095611572266,49.308304970979016,47.5526456993839,49.24174123997412,27049500
2021-07-19,46.054931640625,46.76219087070804,45.430881059185175,46.29623196056223,37969100
2021-07-20,46.56249237060547,47.095015015087895,45.78866941094027,46.17974211664439,26756100
2021-07-21,48.06021499633789,48.50953218561468,47.28639518025292,47.31135618829536,20908700
2021-07-22,47.51937484741211,48.04357825469786,47.144943842208,48.03525580231245,13493800
2021-07-23,47.461124420166016,47.66914126649485,46.986846264463104,47.66914126649485,14088200
2021-07-26,48.65929412841797,48.80074721646911,47.42783493554316,47.560965573311115,18387600
2021-07-27,48.11845779418945,48.26822700145138,47.602573736622844,48.26822700145138,16861400
2021-07-28,48.442962646484375,48.784110136639114,47.94372032673847,48.2599068118357,16855300
2021-07-29,49.03373336791992,49.366561605916466,48.72586931092857,49.09197783345652,18607800
2021-07-30,47.9021110534668,48.99212028737725,47.694094242161455,48.99212028737725,28652800
2021-08-02,47.910438537597656,49.141897809030745,47.7606661637937,47.88547435924035,20873800
2021-08-03,48.42631149291992,48.60104484248332,47.36958577199901,47.90210827014526,18208200
2021-08-04,47.29471206665039,48.16006294133154,47.26975105987017,47.585934392704004,20868300
2021-08-05,47.59425735473633,48.01029106732304,47.28639329616606,47.53601288890102,15180200
2021-08-06,48.14341354370117,48.31814691150133,47.868829816513966,47.97699945214088,14888500
2021-08-09,47.59425735473633,47.860518676865,47.28639329616606,47.53601288890102,17828200
2021-08-10,48.40968704223633,48.55945944504416,47.67746675896311,47.77731396947313,16340200
2021-08-11,48.5511360168457,48.67594740803899,48.026935791639175,48.41800534747944,18278600
2021-08-12,48.441314697265625,48.81296765801232,48.03587774000911,48.48355033162431,19225500
2021-08-13,47.951416015625,48.204813727526776,47.554424226298615,48.171026506706085,20063000
2021-08-16,47.25035095214844,47.377051433291314,46.68442943986496,47.31792540132519,16959500
2021-08-17,46.92938232421875,47.55442987298717,46.45637084294303,46.87870148696978,16243700
2021-08-18,45.94112777709961,47.14054850345238,45.87355654833269,46.811127888534436,21890500
2021-08-19,44.538997650146484,45.366765480370844,44.0068600370995,45.16404853777142,30923500
2021-08-20,44.54743576049805,44.88529832735659,44.01529827059032,44.15044394175913,16918300
2021-08-23,46.38035202026367,46.507052504568414,45.56947794266939,45.56947794266939,21632600
2021-08-24,46.76044464111328,47.174326825550516,46.464811287245624,46.70131861476511,17915600
2021-08-25,46.84491729736328,47.10676347359144,46.34656697623698,46.659093992997875,13270300
2021-08-26,46.211421966552734,46.912492437942404,46.14385073364754,46.62530744830875,11842600
2021-08-27,47.10676193237305,47.47841175107169,46.79423814796447,46.79423814796447,15822500
2021-08-30,46.591514587402344,47.588215123729775,46.55772736397128,47.5037502872791,14086100
2021-08-31,46.05093002319336,46.718213159175576,46.00024919011339,46.39724099392275,27104100
2021-09-01,45.41743469238281,46.25364750511414,45.273840607876025,46.02559180864333,21644100
2021-09-02,46.52394485473633,46.99695310943311,45.83976805788653,45.85666167014386,23293300
2021-09-03,46.34656524658203,46.72666348107399,46.118506305886854,46.557730574396764,13840000
2021-09-07,46.07627868652344,46.68443592508882,46.00870745008702,46.17763715224183,14354400
2021-09-08,45.6539421081543,46.60841026863694,45.62015488322301,46.27899288087467,18756700
2021-09-09,45.68772506713867,46.45636664085687,45.0204419366232,45.29073326658168,19110800
2021-09-10,45.594810485839844,46.65063696954898,45.56947168131138,46.61684974875987,15123700
2021-09-13,46.76889419555664,47.24190567256666,46.135398235229495,46.16074026468899,22052300
2021-09-14,46.10160827636719,47.106753910252785,45.95801420173972,47.0391794699277,19940300
2021-09-15,47.655792236328125,47.748705501179465,46.71822083623178,46.768898455512605,23240900
2021-09-16,47.148990631103516,47.68957331457573,46.87869928936741,47.68957331457573,17907200
2021-09-17,46.591514587402344,47.9345261085807,46.54083375225575,46.74355387071513,30000400
2021-09-20,45.34986114501953,45.75529815650907,44.73325882199625,45.42588078605675,27555100
2021-09-21,45.30763244628906,46.042486888552645,44.97821504879598,45.92423481992715,19696800
2021-09-22,46.63374328613281,47.22500676050944,45.924227761306206,45.9749085924105,25690600
2021-09-23,48.2132682800293,48.34841395838572,46.69287537086061,46.81112743665659,23069400
2021-09-24,48.64405059814453,48.83832233525949,47.875408846025536,47.89230246083478,22328600
2021-09-27,50.08840560913086,50.51073618462459,49.68296864331207,49.70830744676119,32972200
2021-09-28,50.61210632324219,51.08511783713198,50.26579530014724,50.59521593178838,37619300
2021-09-29,50.57831954956055,50.84016249041659,49.877249123892874,50.54453232424778,23422800
2021-09-30,49.682987213134766,50.82327890431972,49.67454201620406,50.781046475410605,31289600
2021-10-01,51.4652099609375,51.51589079564783,50.18132448075175,50.18132448075175,24407300
2021-10-04,52.13249969482422,52.42812987927707,51.48211006690059,51.79463386505466,33946700
2021-10-05,52.04802703857422,52.960262765267125,51.54123156071842,52.80822347748497,29641600
2021-10-06,51.09356689453125,51.62570122942482,50.46851607271472,51.07667328073865,25284900
2021-10-07,51.237159729003906,51.59191918789816,50.79793542005876,51.19492730397845,19513600
2021-10-08,52.52104187011719,52.72375878536186,51.735506573757704,51.735506573757704,22186900
2021-10-11,51.997344970703125,53.26433677895697,51.94666413840733,53.23899475174567,22121500
2021-10-12,51.72705841064453,52.35210595593906,51.397637803547745,52.00579495864693,20198600
2021-10-13,51.58346939086914,51.85376077036052,50.857060100188264,51.338516821290256,14991700
2021-10-14,52.3690071105957,52.55483365077863,51.6679365978165,52.1240545298323,18594500
2021-10-15,52.86734390258789,53.27278088630139,52.740643435496985,52.98559595340516,16092600
2021-10-18,52.842010498046875,53.331912361800505,52.59705795510653,53.28967994249663,18282800
2021-10-19,53.635990142822266,53.728903397192674,52.9349197486652,53.10385264550894,18933200
2021-10-20,53.93162536621094,53.94851897969631,52.97716037024253,53.120751251677184,14305200
2021-10-21,52.951812744140625,53.75424157821191,52.66462778948754,53.61065071194886,16564600
2021-10-22,53.31502151489258,53.3994895800084,52.66463191307321,53.019391342305234,14266800
2021-10-25,54.35395050048828,54.413076530600854,53.70356416924998,53.821816229475125,17939800
2021-10-26,55.612491607666016,55.696962885032676,54.36239661138515,54.472200250006644,25585100
2021-10-27,54.16812515258789,55.114148098891135,54.04142789483219,55.038131677513945,21764500
2021-10-28,54.32016372680664,54.455312622042584,53.74579703268894,53.90628151259111,16626400
2021-10-29,54.45531463623047,55.20706267208742,54.33706257065214,54.94521973320029,23966300
2021-11-01,55.43511962890625,55.81522108614877,54.919875712652946,54.96211135598691,19656400
2021-11-02,54.75094223022461,55.28307650034929,54.615799780587494,54.92832032026617,16300000
2021-11-03,53.99919891357422,54.438419968310555,53.77113996854155,54.092112175120185,17372800
2021-11-04,54.404640197753906,54.810074033625334,53.91473507217585,54.63269592489976,17720100
2021-11-05,54.919883728027344,55.18173315525609,54.53134024081492,54.945228984279424,18565100
2021-11-08,55.511138916015625,56.0686119953757,55.22395073723609,55.367548048752845,17696000
2021-11-09,56.051719665527344,56.06016808220742,55.16482279747794,55.55336618946276,18781300
2021-11-10,54.94746780395508,56.1972458010987,54.58794070322216,55.914759988706415,20177200
2021-11-11,55.0501823425293,55.4953126660344,54.80193784112444,54.947464983920064,13319300
2021-11-12,54.63074493408203,55.10155465794959,54.42530365951272,54.75058622181916,18158900
2021-11-15,55.10155487060547,55.443954819255644,54.117138691085245,54.57938319336525,18849200
2021-11-16,55.657962799072266,55.95757257598231,55.07587369352219,55.07587369352219,17028700
2021-11-17,55.0501823425293,55.84627452604849,54.93890302708279,55.11010297867119,15497000
2021-11-18,54.45097351074219,55.2385037016949,54.022967120329724,54.92178315253958,16948200
2021-11-19,51.93430709838867,53.09848529986664,51.71174515536751,52.97864400243751,32035500
2021-11-22,52.65335464477539,53.535050195848534,51.6347004189799,51.6347004189799,21994400
2021-11-23,54.04010009765625,54.254103341689735,53.00432191480711,53.23544581021492,21185900
2021-11-24,54.339691162109375,54.656414978018525,53.56928161540362,53.56928161540362,15869700
2021-11-26,52.4307861328125,52.57630674732583,50.96700496897101,51.80589715524443,24979600
2021-11-29,52.721839904785156,54.04865937915419,52.465036662234766,53.56073223867932,18946400
2021-11-30,51.22381591796875,52.379432113683734,51.06973332314938,51.754543041551976,34979800
2021-12-01,51.18101119995117,53.098478234538256,51.146769900833185,52.13118602518023,30630600
2021-12-02,52.45646667480469,52.713273143478936,50.62459968878378,51.138209360702376,29216000
2021-12-03,52.122623443603516,53.26968082688185,51.66037570733538,53.00431566003979,22014700
2021-12-06,52.71327209472656,53.2097578423972,52.576306905929336,52.83311336949431,19210500
2021-12-07,53.303916931152344,53.95448521605703,53.15839305853954,53.36383756533713,19800400
2021-12-08,53.458011627197266,54.09145940817742,53.3638496762712,53.59497357433598,18214400
2021-12-09,53.594966888427734,53.73192881848061,52.91015723816336,53.115598500527675,16910300
2021-12-10,53.937374114990234,54.22841864629948,53.26968506422266,54.15993930886625,17942400
2021-12-13,52.756072998046875,53.68912713760877,52.51638717892656,53.47512392454806,17793700
2021-12-14,52.67903518676758,53.47512745311817,52.405111317209325,52.43934935183153,22551100
2021-12-15,52.447898864746094,52.64478139518551,51.36932102703358,52.37941628089099,19961900
2021-12-16,52.533512115478516,53.458007638762176,52.47359147216533,52.5934327587917,21187800
2021-12-17,51.386451721191406,52.45646781244014,51.095407213754555,52.17398526237405,44338100
2021-12-20,50.641719818115234,50.71876110484105,49.61450375024767,50.32499597954461,21819300
2021-12-21,51.78878402709961,51.942866620976645,51.121094963919326,51.1467743077554,19798900
2021-12-22,52.20823287963867,52.53351545963691,51.335099251654775,51.65182313867636,14058300
2021-12-23,52.233909606933594,52.93583995134269,52.21678895640774,52.36230958773221,13543300
2021-12-27,52.9786376953125,53.029999644709086,51.72029769125162,52.156866097547464,12593700
2021-12-28,52.80744171142578,53.338172131751634,52.55920041884231,52.9957656196337,12781000
2021-12-29,52.34519577026367,52.73039900434356,52.14830990851252,52.62767835961762,12733600
2021-12-30,52.037025451660156,52.73039381714013,52.01990480165163,52.40511126326833,11940300
2021-12-31,52.379432678222656,52.6191185313196,51.95998814980611,51.99422945245286,14072000
2022-01-03,54.391056060791016,54.44241474077155,52.3965445973253,52.422227202745376,24282400
2022-01-04,56.43693542480469,56.65950062584865,54.87043012086948,54.89610946505519,38584000
2022-01-05,57.138858795166016,57.87503038226166,56.907738194966164,56.92485557870472,34033300
2022-01-06,58.482810974121094,58.61977619613673,57.41279466785361,58.20888706095107,30668500
2022-01-07,58.9621696472168,59.21897614457114,58.19176321687481,58.65400446273579,23985400
2022-01-10,58.6112060546875,59.210412490201186,58.16607567613991,59.03921251744309,22760300
2022-01-11,61.076515197753906,61.11931845235703,58.70536249017066,58.9707243823028,32936100
2022-01-12,60.89676284790039,61.47028997684112,60.46875635808897,60.89676284790039,23045100
2022-01-13,60.460182189941406,61.27339827487358,60.18625835301443,60.87963316746976,21043200
2022-01-14,61.52164840698242,61.761330969887375,60.43450838555779,60.4773116421594,23012900
2022-01-18,62.55741882324219,63.24222516477939,61.64148536165577,62.334853660084306,32841200
2022-01-19,62.58309555053711,63.225105142536165,62.10373047838612,63.1309432132409,26431600
2022-01-20,62.72005081176758,63.66167005384084,61.855482643476954,62.060923873175234,26774600
2022-01-21,61.77845001220703,62.64302487805739,60.81115777713182,62.64302487805739,35995200
2022-01-24,62.30917739868164,62.55742191391861,59.758256180376875,60.67418968721539,41507000
2022-01-25,64.14103698730469,64.4063988555918,61.11075100394473,62.13796371351866,39278400
2022-01-26,63.490474700927734,65.05697986238904,62.908385672503535,64.56905277465553,35252400
2022-01-27,64.30369567871094,65.06554668794557,63.33639685758385,64.59473694926773,29174700
2022-01-28,64.44062805175781,64.73167573437242,63.30212971630456,64.17526623329047,30595700
2022-01-31,65.02273559570312,65.41650072477677,63.57607178280013,64.17528469901984,36085500
2022-02-01,69.1915283203125,69.77361738758398,65.28810482707878,65.44218741932302,61033100
2022-02-02,69.01175689697266,69.17439489413887,67.75341698844768,68.53238526985957,30299300
2022-02-03,68.20710754394531,68.74639331517639,67.64213590001363,68.55806943386584,28529400
2022-02-04,69.68801879882812,70.64674914239995,69.22577101280858,69.22577101280858,32197500
2022-02-07,70.52691650390625,71.11756761366537,69.0288936273902,69.45690016353765,34949200
2022-02-08,68.70359802246094,70.62106511325887,68.41255023685595,70.42417927027371,34356300
2022-02-09,68.37470245361328,69.26616903667669,68.12370591803787,68.87669552476412,40106100
2022-02-10,67.7169189453125,68.96324475395511,67.32744543174195,68.13236308261355,28527700
2022-02-11,69.42195892333984,69.51716473234785,67.70826756771665,68.04581303483214,42002100
2022-02-14,68.35740661621094,69.10173286827111,66.68698612972294,68.87670691908944,34652800
2022-02-15,67.50054931640625,67.67365380705974,66.14171043026677,66.557154604574,25075100
2022-02-16,67.81211853027344,69.0065161883225,67.54381487236847,68.19294173756559,21733800
2022-02-17,67.70829010009766,68.47858709968081,67.46594375808023,67.92466581016625,23738800
2022-02-18,66.95528411865234,67.65633913730758,66.54849682521895,66.78218623361138,23394800
2022-02-22,66.17631530761719,69.0584399974613,65.1809861879199,68.95457732821357,35947800
2022-02-23,66.44463348388672,67.05048928214036,65.89071233324744,66.17632978371297,25385000
2022-02-24,65.6051025390625,68.40067235930698,64.07315917343904,68.37470833671355,46199900
2022-02-25,67.37071228027344,67.50053897756312,66.00322333150108,66.37538967532612,28310300
2022-02-28,67.87271881103516,68.31412702824557,65.95130179839606,66.2196121203239,32204600
2022-03-01,68.52184295654297,69.8027897791329,67.79482390285818,68.1756405772002,40002300
2022-03-02,69.69892120361328,71.10103775018258,69.0844151686769,69.75950611964193,44321400
2022-03-03,70.14033508300781,70.77214831548945,68.91997318503958,69.11904169865367,30196600
2022-03-04,72.78010559082031,72.94455318685178,69.8114382107432,70.14898367387909,42802200
2022-03-07,75.402587890625,75.49779370362506,72.61566849901017,73.49847823388446,55207900
2022-03-08,75.97380828857422,79.20213551455097,73.93987873703466,77.07300015988208,72082300
2022-03-09,71.65496826171875,74.92656736263208,70.62501795096401,72.72818974487421,65466700
2022-03-10,73.87931060791016,74.15627120630884,71.75017476960875,72.71088328976764,44644200
2022-03-11,73.49847412109375,74.6322869388508,72.67624934929636,72.76279828265497,35303400
2022-03-14,70.86734771728516,72.22618648159026,69.6729565535411,71.88864100915693,37462600
2022-03-15,66.83409881591797,68.52182591601306,66.09842306980624,68.21890138564464,47957900
2022-03-16,66.5831069946289,68.04580831961208,65.99456503575342,67.34474681065483,37812300
2022-03-17,68.35740661621094,68.50454049142856,66.70429327840553,67.6650018101985,34041900
2022-03-18,68.08909606933594,68.71225907210116,67.5957597926904,68.42664159529016,41461500
2022-03-21,71.14431762695312,71.42127822031466,69.01518182737473,69.34407707173379,33089300
2022-03-22,70.8327407836914,71.14432229708399,69.92396687234793,70.65098600142271,23132200
2022-03-23,71.94921875,72.93589104845613,71.8799835701114,72.13097347831982,27716300
2022-03-24,72.16561126708984,73.26480337134723,71.6203469544596,72.23485306645091,19871600
2022-03-25,73.74082946777344,73.99182605020748,71.6549713359428,71.76748431292562,22398300
2022-03-28,71.6722640991211,72.10501537440285,70.98851629178466,71.98384554558478,21552400
2022-03-29,71.29145812988281,71.39531422539713,69.03249560678677,69.94126945884406,27036300
2022-03-30,72.51181030273438,72.71087881586358,71.58572273976523,71.8886473438652,22079000
2022-03-31,71.48186492919922,73.04842930873498,71.44725063201818,71.7242112322975,27861500
2022-04-01,71.94058227539062,72.82339206841796,70.96256005983062,70.96256005983062,18671100
2022-04-04,71.97518920898438,72.40794044779763,71.01448093055818,72.32138491742708,20869400
2022-04-05,71.60302734375,73.62830009810212,71.45588689490214,72.26946138763861,21753100
2022-04-06,72.39929962158203,73.30807346256577,71.7847935186517,72.2002311021696,24768200
2022-04-07,73.61099243164062,73.94853788830903,71.5857130883699,72.5550782940583,26122000
2022-04-08,75.16024017333984,75.48047850211286,73.71485246306652,73.71485246306652,24866500
2022-04-11,72.5723876953125,74.37263458901816,72.26946312263618,74.24280788551104,21800100
2022-04-12,74.08702087402344,75.14293509733844,73.89660924644063,74.18222668781483,22444200
2022-04-13,75.13428497314453,75.39393841649787,73.73217486816829,74.96118707974988,19306800
2022-04-14,76.01709747314453,76.56236175212072,74.63229458770111,75.01311125415991,24566400
2022-04-18,76.6402587890625,76.93452650702113,75.9478540594667,76.59698101723993,19032300
2022-04-19,75.9565200805664,76.7354738443419,75.53241899607318,76.17289575921173,20382600
2022-04-20,76.1296157836914,76.59698802845983,75.55838744225989,76.1382726595005,20689400
2022-04-21,75.3246841430664,77.72212984942782,75.11696538474153,76.98644741618591,29010900
2022-04-22,73.68023681640625,76.26809444505005,73.56772385121954,75.00446139246749,23591600
2022-04-25,71.19625091552734,71.54245330141964,68.62570694959824,71.29145673672926,37698300
2022-04-26,71.22222137451172,73.32539330001724,71.12701554470705,71.60304469373042,28941500
2022-04-27,73.25613403320312,73.9831595962892,71.2135475223684,72.17425586446694,32773000
2022-04-28,75.4718246459961,76.28539920915496,72.76280386480704,73.46385886303321,33683800
2022-04-29,73.78409576416016,76.28539771986907,73.30806669857097,76.28539771986907,34656500
2022-05-02,74.7880859375,75.33335022094167,73.24748569886249,73.57638092659077,36335200
2022-05-03,76.32868957519531,76.83933302772584,74.53709914824229,74.65826900488554,33908100
2022-05-04,79.36656951904297,79.52236021925691,76.95182357061611,77.46246683043657,46188400
2022-05-05,78.16353607177734,79.66951531888981,76.50177269902635,79.66085844415633,41013400
2022-05-06,79.35794067382812,79.47045364197965,77.33266102427193,78.74343458021056,29619300
2022-05-09,73.10035705566406,77.51441949330068,72.71953375563074,77.41056339566363,45851600
2022-05-10,73.58501434326172,75.20350627883391,72.28676068679214,74.12162823177593,34483200
2022-05-11,75.11695861816406,76.97779021102951,74.67555051863326,74.80537720711405,33020600
2022-05-12,75.45797729492188,75.52792168007998,72.92230821546926,75.15194309239321,29491500
2022-05-13,77.69636535644531,77.77505529906813,75.50169912099064,76.38481294552747,25798400
2022-05-16,79.5237808227539,80.4243856236251,77.79253561604531,77.80128116542453,26101200
2022-05-17,80.53805541992188,80.83533740583175,79.67243276994314,80.20579790551083,23120700
2022-05-18,79.26146697998047,81.24627956619659,78.54448542850913,80.88779212591041,25451200
2022-05-19,79.68991088867188,80.70418112219272,77.81876362287251,77.81876362287251,24387400
2022-05-20,80.31946563720703,81.83211892990612,79.04288882992971,80.38067114608675,28795000
2022-05-23,82.09443664550781,82.86387832447866,80.92278636133173,81.01896740506565,27239300
2022-05-24,82.54035949707031,82.88136256174077,80.72167203822792,81.15885613866696,24293300
2022-05-25,84.20164489746094,84.40274581090296,82.60154978368038,82.69773080172612,29947800
2022-05-26,84.49894714355469,85.18969886154005,84.1142229788792,84.46397161304779,24314800
2022-05-27,85.32958221435547,85.62687084606331,83.32728507620583,83.89561902138662,25588800
2022-05-31,83.9393310546875,87.24444114762204,83.68576352495197,86.17771108145826,44888100
2022-06-01,85.54818725585938,86.3088900426898,84.481463583469,84.83120555033776,25815400
2022-06-02,85.39954376220703,85.77552236943606,84.63010211827564,85.06728623501171,19089100
2022-06-03,86.64115142822266,87.13954776204055,85.60065769003809,85.60065769003809,21038200
2022-06-06,86.42253875732422,87.24444689607704,86.27389778313675,86.71982737659829,20682100
2022-06-07,90.3834457397461,90.4359056985116,86.99089276037385,87.17450928695325,37810200
2022-06-08,91.45016479492188,92.30704854699336,90.04243816156843,90.48836113056805,31613200
2022-06-09,89.4740982055664,91.43268107722575,89.32545721474446,90.42715632767167,26607000
2022-06-10,87.83901977539062,90.36594308667536,87.25319474107049,89.13308751700012,30950500
2022-06-13,83.8082046508789,85.48699027460249,82.12067347584085,85.26839818804783,33421000
2022-06-14,84.02678680419922,86.27391292150092,83.30105956161339,85.17221373855165,31264000
2022-06-15,82.96878814697266,84.43772681599519,81.55230942905477,83.9305917189864,29620800
2022-06-16,79.90850830078125,81.42990708258405,78.93795907681226,80.80036758973108,35696700
2022-06-17,75.30058288574219,79.87352429556191,74.89837436178723,79.53252127153708,64610200
2022-06-21,79.9872055053711,80.90528810863223,77.39906977481608,77.4515364027881,35951500
2022-06-22,76.82197570800781,78.4832763004534,76.53343265687226,76.54217820503057,29727200
2022-06-23,74.5049057006836,77.86248270510544,73.02722146310867,77.52147967657264,35757200
2022-06-24,75.98258972167969,77.29414188026715,75.02952501757186,76.02630412442639,26639000
2022-06-27,77.84500122070312,78.72811498691443,76.65585991300277,76.77827092959839,25478700
2022-06-28,80.00469207763672,81.52609091158892,78.99916729111482,79.67243455577822,33096900
2022-06-29,77.04931640625,81.49110111330745,76.7345433687004,81.29874574227064,25400900
2022-06-30,74.88089752197266,76.59465851722668,74.03275923937899,75.31808165354461,39948100
2022-07-01,76.5509262084961,76.83946259798753,74.06771745288981,75.84268354472906,26327900
2022-07-05,74.15515899658203,75.80771422918882,72.58130036457051,75.49294116860662,34591100
2022-07-06,72.8173828125,74.52240480934469,70.83256992868488,73.2370824847556,33375700
2022-07-07,75.1432113647461,75.86019308032394,74.58361620482682,74.65356059664136,23817400
2022-07-08,75.26561737060547,76.33234765773223,74.26009259154827,76.02631344648434,17673800
2022-07-11,74.88089752197266,75.30059722347794,73.76170721249252,74.46994337095094,15603800
2022-07-12,73.88411712646484,74.36502233233452,72.45015373010844,73.2545709191083,21013000
2022-07-13,74.181396484375,75.46671883341419,72.8348752977531,72.90481968537624,19928600
2022-07-14,72.69497680664062,72.84361781024147,70.55277723199183,71.56704094756867,26343000
2022-07-15,73.91908264160156,74.21636460429625,72.4851194395343,74.14642022365597,17243700
2022-07-18,75.28311157226562,76.89195276178289,74.97708399219196,75.70281130415302,19395800
2022-07-19,77.18047332763672,77.39906536418037,75.41425260755982,75.5628935913936,18248900
2022-07-20,78.02863311767578,78.38712735897411,76.2886418925071,76.57718506171285,16584400
2022-07-21,76.7258071899414,76.76952826695654,74.50491122974738,76.0088255548315,21375700
2022-07-22,76.13998413085938,77.35535538998116,75.74651444000487,76.55093825044298,15479500
2022-07-25,78.67564392089844,78.80679379809172,76.43725706724537,77.08429425892824,17536400
2022-07-26,78.36962127685547,79.81233017624052,77.8187716989376,79.68117360886004,15141200
2022-07-27,80.06588745117188,80.44186600476927,78.16851025620564,78.9379517903797,18047000
2022-07-28,81.00146484375,81.53482994866795,79.57624716145263,80.5992562954495,20353100
2022-07-29,84.75251007080078,85.26838410785203,82.27804645858886,82.58407399505147,29825800
2022-08-01,82.61029815673828,83.37099410796775,81.51733806966242,82.88135012364543,20793200
2022-08-02,82.25181579589844,83.23984945423297,82.03322374725717,82.79392647805274,16722500
2022-08-03,79.5849838256836,82.5578367857368,79.38388289257819,82.5578367857368,23580800
2022-08-04,76.23615264892578,78.99040667818733,75.57163106102799,78.96417670395037,31821500
2022-08-05,77.33785247802734,78.42207367883059,75.44047538297005,75.51042642900231,17408000
2022-08-08,77.77503967285156,78.3433802709076,77.13675469681723,77.47775772147101,14458500
2022-08-09,79.20902252197266,80.10088193974453,78.64942733356322,78.73686950185913,19083400
2022-08-10,79.96097564697266,80.25826432772952,77.98490815923203,79.28771501406821,18302000
2022-08-11,82.27407836914062,83.2540577104147,80.72906674370876,81.08220686952028,18797900
2022-08-12,82.98918151855469,83.00683582750362,81.32056979070903,81.64723175984159,15058200
2022-08-15,81.50598907470703,81.86796648063145,79.15757477338663,79.92566199989155,20755200
2022-08-16,80.7467269897461,82.00922256587917,80.59664175167491,81.24995911529751,14038200
2022-08-17,81.40003967285156,82.2917339969303,80.26997508646706,80.5789760693509,13678000
2022-08-18,83.32467651367188,84.14574005299701,82.18578149230373,82.23875789645471,17770400
2022-08-19,83.05982971191406,84.04863287838107,82.81262892029731,83.13046043400925,16128600
2022-08-22,82.99803161621094,83.42180248808266,81.09987301005313,82.47713844721109,16019900
2022-08-23,86.5206527709961,86.88263016369203,84.2693473770561,84.3576391460077,23764700
2022-08-24,87.03270721435547,87.37702352661545,85.95561239724863,86.52947516292046,17050300
2022-08-25,87.48297119140625,88.16278009315712,86.6089379105857,87.33288596115028,15305700
2022-08-26,86.40587615966797,88.20691898715293,86.00858343753283,87.20044813250672,15531400
2022-08-29,88.39231872558594,89.66363791151029,86.64424558333086,86.67956094067816,23059200
2022-08-30,85.02859497070312,87.06801455837554,84.59599367331838,86.83846812608944,17086800
2022-08-31,84.3929443359375,85.49652404575392,82.62721680023122,83.01567901351572,18340900
2022-09-01,82.87442016601562,83.93385394013663,81.47949386604098,83.35999117260623,16423000
2022-09-02,84.3929443359375,85.45238489879085,83.96917349936895,85.06392268550636,18206800
2022-09-06,83.82791137695312,85.27580740551906,83.43945590256546,84.89618245473808,19201500
2022-09-07,83.11279296875,83.51007896235852,81.48832690027902,82.27407509970273,16274700
2022-09-08,83.79258728027344,84.24284286532902,82.74197744371435,83.5718713808763,18759200
2022-09-09,85.19635772705078,85.63778963237229,84.15457816106337,85.21401203954845,17158000
2022-09-12,86.17633056640625,87.57125689810485,85.53183706975295,86.2116459244422,16118900
2022-09-13,84.16340637207031,86.3264199544121,83.79260519836306,85.2934709409207,18229100
2022-09-14,86.22930145263672,87.01504965680796,84.88735150690975,84.92266686544413,22655700
2022-09-15,83.72196197509766,85.23165801604816,83.03332940228323,84.94914191602902,21092300
2022-09-16,82.29173278808594,84.17223022976896,81.22346841397074,83.9338599709648,37874700
2022-09-19,82.28288269042969,82.53891393607131,80.34058551511922,80.34941603689018,15342100
2022-09-20,81.61193084716797,82.04453221797134,80.90563712136493,81.86796215437866,14712500
2022-09-21,80.29644012451172,82.88323069035675,80.22581615706322,82.60954513524307,17332400
2022-09-22,79.96097564697266,81.80616452732235,79.91682976183019,81.40004124401753,16139400
2022-09-23,75.70555877685547,77.25057018046476,74.91098013642765,77.25057018046476,27738800
2022-09-26,74.14290618896484,76.12051924967253,74.0634449429978,74.95513928264809,22043400
2022-09-27,75.69673919677734,76.77383409442415,74.87567560559708,75.58196932934729,17307300
2022-09-28,78.45127868652344,78.83974091830842,75.8556569299898,76.0322337333995,19543300
2022-09-29,78.29235076904297,78.89269833594268,76.92390938199183,77.85091893266716,17896000
2022-09-30,77.08283233642578,78.61018959713893,77.08283233642578,77.84209570500468,21357600
2022-10-03,81.15282440185547,81.54128655998345,79.21052708264563,79.49304317881642,23881300
2022-10-04,84.11042785644531,84.18988909780018,81.85029877539273,82.31821549273103,22133700
2022-10-05,87.50945281982422,88.27753993192454,84.45474521036812,84.53419971063414,34857700
2022-10-06,90.10507202148438,90.21101809616796,86.81199401139739,86.93559439733698,29124700
2022-10-07,89.19573974609375,91.21749890820067,88.44530676976655,90.21986511479787,24507600
2022-10-10,87.26225280761719,90.0785904220713,87.15631346484446,89.60184317244573,16786100
2022-10-11,86.5206527709961,88.07449495165943,85.417073016264,85.83202008175788,17804100
2022-10-12,86.90027618408203,87.32405373317772,85.84084241491624,86.07921265547807,12635800
2022-10-13,89.93733978271484,90.44939567925269,85.99093742896585,86.12336834913042,22019100
2022-10-14,87.57125854492188,90.26398897257138,87.43882763372561,89.27518587183333,15222000
2022-10-17,88.83375549316406,90.02562024264392,88.72780941527311,89.23104149775199,14283200
2022-10-18,88.99266052246094,90.36109516787377,87.60656483166898,89.6459777514691,14065400
2022-10-19,91.63243103027344,91.80900108908847,89.37230194600424,89.38995625759935,20921700
2022-10-20,91.75602722167969,92.70069113813491,91.29694104832953,92.10034353562122,17649000
2022-10-21,93.45996856689453,93.93671585860335,91.7383867377099,92.21512729370204,22814100
2022-10-24,94.11328887939453,95.0667834926332,92.80665410040842,93.28340140702775,17024200
2022-10-25,93.47760009765625,94.7577564214582,92.76248270224227,93.94552348645527,15719800
2022-10-26,94.59001922607422,95.19919735348198,93.58355511557528,93.81310157072708,17383800
2022-10-27,94.9520034790039,96.74421589820216,94.83722687523979,95.7112668786223,18214000
2022-10-28,97.7330093383789,98.18327171341863,95.45522610120585,96.63826023142077,28169400
2022-10-31,97.83013153076172,99.68415082368429,96.6206124849727,96.67358215538215,26401800
2022-11-01,98.80128479003906,99.38397135830547,97.68887458698308,99.20740130385282,22213100
2022-11-02,96.77069854736328,98.9690274527247,96.50583672158747,98.50994125519149,20654200
2022-11-03,98.08615112304688,98.72181403495156,95.62296070727385,95.86133766709568,17103700
2022-11-04,99.15442657470703,100.20503660288888,97.8213071489127,99.763604723581,17541500
2022-11-07,100.3286361694336,100.63763713527794,98.99551001882985,99.2427175272212,16008000
2022-11-08,100.64646911621094,101.22916243371162,99.41045849921954,100.18738292255378,14661000
2022-11-09,96.14387512207031,100.01081638072176,95.85252843345307,99.85190061745026,19522800
2022-11-10,97.55644989013672,97.73301995583236,94.9696586869696,97.28276426759358,20146700
2022-11-11,100.6023178100586,101.0878955484641,99.31333759213697,99.39279882920134,20518900
2022-11-14,100.89601135253906,102.02627149730543,100.11283255307293,100.23742794572624,20858300
2022-11-15,101.5723876953125,101.92837745298395,100.45102912506623,101.27870242592792,19373800
2022-11-16,100.48662567138672,101.68808512516472,99.55215343514845,100.95830919998596,13591000
2022-11-17,100.6201171875,100.74471258195243,98.56428638909507,99.04487153481436,12425900
2022-11-18,99.74795532226562,100.10394509457443,97.54972577744444,98.69778922842174,15415000
2022-11-21,98.76009368896484,98.96478323884277,95.65409646260937,97.8879190266093,20973000
2022-11-22,101.61688232421875,101.87497471192495,99.16946223624618,99.863638483899,17719100
2022-11-23,101.1095962524414,101.41218310453846,99.76573826886285,99.96153295666174,11546700
2022-11-25,100.75361633300781,101.99957709393654,100.62011932470476,101.34989527482959,7136000
2022-11-28,97.72772216796875,99.19617580864728,97.55863227984878,98.48420301827683,23015500
2022-11-29,98.37740325927734,99.49876871284036,97.70992495428943,98.43970096281194,14453200
2022-11-30,99.08937072753906,99.58775911901624,97.70101810043424,99.26736900661666,23158100
2022-12-01,98.60877990722656,99.73903997951692,98.05699549661581,99.35635221520963,14398300
2022-12-02,97.772216796875,99.41866182582771,97.18483266452493,97.46072829787423,15248400
2022-12-05,95.09339904785156,99.10717011918292,94.28352897666132,98.51978600584377,19287700
2022-12-06,92.4501724243164,95.26248365985478,91.80049748530614,94.2479174014489,21197000
2022-12-07,92.24549102783203,93.31345345998754,91.10632928954892,92.36118480783469,20061700
2022-12-08,92.9307632446289,95.0488984118778,92.29888469664924,94.586109724101,21128800
2022-12-09,92.14759826660156,94.29242484843529,91.93400712752556,93.08206374377149,21298200
2022-12-12,94.41702270507812,94.55051971670585,92.1920951444162,92.40569307899659,20413200
2022-12-13,95.44940185546875,96.59746540586589,95.24470551193438,95.93888868352438,24305300
2022-12-14,94.74630737304688,96.38385746652092,94.11442880766522,96.10796185238446,17597300
2022-12-15,93.83853912353516,94.48821411454963,92.2899847820633,93.74064177585798,15365100
2022-12-16,93.17996215820312,93.96314099363364,91.78270794219365,92.28109632563306,54596600
2022-12-19,93.59825134277344,94.51492041480776,92.89517341617912,93.678352266026,13611100
2022-12-20,94.95101165771484,95.68078763297866,93.5092561402687,93.59825188555645,14680000
2022-12-21,96.1702651977539,96.64194874681033,95.36929672045656,96.3749615176912,13565400
2022-12-22,94.23011779785156,96.28595522346839,92.64597065954247,96.01896123366697,13213000
2022-12-23,96.72203826904297,96.77543435058566,95.1378911438446,95.18238561515045,11539400
2022-12-27,98.06591796875,98.3151087910887,96.85555672601289,97.24713939399913,11962100
2022-12-28,96.45506286621094,97.89681845511022,96.02788055168257,97.81672431736384,10702100
2022-12-29,97.1848373413086,97.64762609632893,96.1079731701187,96.1079731701187,10534000
2022-12-30,98.1637954711914,98.34178693972198,96.65974243933273,96.65974243933273,11799600
2023-01-03,94.79080200195312,97.91459495709618,93.88302788597551,97.70100384331165,15146200
2023-01-04,95.06671142578125,95.36930512671613,93.23337315579307,93.26897281413486,18058400
2023-01-05,97.19374084472656,97.85231754282941,94.6128233544007,94.63952140041373,15946600
2023-01-06,98.36849212646484,99.6678489529529,97.60311653429603,97.96800789821037,16348100
2023-01-09,96.53515625,99.3563627136074,95.947772126,99.3563627136074,17964600
2023-01-10,97.97689819335938,98.1904961091719,96.12576378589374,97.70991098350292,15104600
2023-01-11,99.1160659790039,99.18725849381175,97.0869265333434,98.77787267642411,16710400
2023-01-12,100.76253509521484,101.22531710750467,99.44537480033588,99.5165741222085,15357300
2023-01-13,100.70021057128906,101.00279742376226,99.81914126503796,100.66461091983234,12011400
2023-01-17,100.50444030761719,101.52790846841616,100.2730459118852,100.93162943897308,16542200
2023-01-18,98.43968963623047,101.56348964532926,98.25279654713084,100.7981140671462,16399700
2023-01-19,99.07157897949219,99.7924533715099,97.52303122295994,97.95911514492641,12928000
2023-01-20,100.87821197509766,100.95831289624998,98.43969332460324,99.10717157779966,16515600
2023-01-23,100.35313415527344,101.98177596215017,100.24633518845364,101.13630620879853,16584400
2023-01-24,101.28760528564453,101.47449839551795,93.33126853843952,97.14924524284352,13583000
2023-01-25,100.75361633300781,101.14520574671282,99.13386938078246,100.77141955541617,11914700
2023-01-26,104.80298614501953,104.82078257732437,101.75928018546416,102.09747350871467,21019700
2023-01-27,102.88955688476562,104.72289513291396,102.69376216118852,104.08211487027636,15179200
2023-01-30,101.06510162353516,102.78274587476369,100.70021705500396,102.42675612721493,18672100
2023-01-31,103.24553680419922,103.59262494829113,98.27949703342902,99.76574696222669,27861800
2023-02-01,102.11528015136719,104.46480326704186,100.8693192773117,103.085352162503,19464900
2023-02-02,98.92027282714844,102.40895733484689,97.74551144027286,102.21316263871104,24562100
2023-02-03,99.60554504394531,101.55458355710326,99.28515496534567,99.58774861288505,20226600
2023-02-06,99.43646240234375,100.64681671054483,98.1816000384127,99.99714168562409,13855200
2023-02-07,102.27545928955078,102.62254741463325,99.69454219308835,100.02383388685813,16013300
2023-02-08,101.38550567626953,103.08535372963154,101.32320797111672,102.39117736080287,18459700
2023-02-09,101.76817321777344,103.4502177112918,101.61687979114654,102.00846916824136,17439300
2023-02-10,106.0578384399414,106.4672242697067,103.37903071974203,103.69051920000479,24918600
2023-02-13,105.64530944824219,105.98609829702671,103.94135151994386,105.57356226675455,14536200
2023-02-14,104.4076919555664,105.65427012405458,104.04896289911069,104.9368188533308,12079000
2023-02-15,104.09380340576172,104.11173677905028,102.36294209044988,103.7799180568062,13663400
2023-02-16,103.78888702392578,104.73054306044376,102.95484491033137,103.41221776713122,11360600
2023-02-17,99.79805755615234,102.40780518506618,99.52901585273742,102.40780518506618,20758300
2023-02-21,99.69938659667969,100.78453698339766,99.37653114451051,99.37653114451051,14469400
2023-02-22,98.40796661376953,99.52002042444927,97.43043019948038,99.0805809644704,13973800
2023-02-23,99.31376647949219,100.29130306570242,98.56044155846841,99.30480321294776,11289400
2023-02-24,99.32272338867188,99.51105459389943,97.77122320914873,98.04924180540709,14351000
2023-02-27,99.14337921142578,99.78012011172844,98.61425225122649,99.36758404289242,11710500
2023-02-28,98.56941223144531,99.86979747540373,97.95060472692765,99.76217669656076,18107000
2023-03-01,99.44831085205078,100.31822683594751,97.96855735259066,98.03133444203735,13200000
2023-03-02,99.90567016601562,100.17471184741073,98.80257942994994,99.20615221532488,10339900
2023-03-03,101.17017364501953,101.67239705905213,98.60527013791821,98.69495753333706,13006700
2023-03-06,102.0669937133789,102.093897195354,100.32716907117518,100.43478299907557,14347400
2023-03-07,100.09400177001953,101.49303767663368,99.69939909187167,101.17018218400146,11525300
2023-03-08,98.63218688964844,100.82042126828415,97.81607806502748,99.75321098356422,13509800
2023-03-09,97.86988067626953,100.65002577919886,97.78020012118517,99.4303510719259,12961200
2023-03-10,96.65917205810547,99.58280455916855,96.0941784265973,98.25550913567021,15795700
2023-03-13,95.54711151123047,96.73091249632863,93.01808182296682,94.47092444338587,20745600
2023-03-14,95.90585327148438,97.76226885472325,94.13014813690516,95.37672635335991,18263500
2023-03-15,91.13478088378906,93.44856950703975,89.87923247944467,92.21096132054807,25733800
2023-03-16,90.60566711425781,91.18860111989112,87.906238678509,88.88377542805212,27465200
2023-03-17,89.53842163085938,91.12579537534221,88.91065095586951,90.22000610812495,43199500
2023-03-20,91.8791275024414,91.90603782681595,89.23351350719368,89.35009754406575,32042100
2023-03-21,95.99553680419922,96.21077151615142,93.38578940829974,93.42166300065647,31592300
2023-03-22,93.79830932617188,96.12107442594858,93.77140584707809,95.780285620449,14952700
2023-03-23,92.74007415771484,95.36774777158861,91.8701584633395,94.48886881183941,14385900
2023-03-24,92.84768676757812,93.13466862579389,90.49802494161996,91.00024148295076,13401600
2023-03-27,94.88348388671875,95.49332127932776,93.18849597120908,93.93285078394727,14805900
2023-03-28,96.0672836303711,96.54259675349448,94.3364221482009,94.56062696795253,11047600
2023-03-29,97.71742248535156,97.89679043667451,96.39909712242579,96.91028380986765,14219100
2023-03-30,98.19274139404297,98.26448857881849,97.3228255946572,98.24655520371869,11578200
2023-03-31,98.3451919555664,98.80256479886492,97.79813172289595,98.36312532812849,14418000
2023-04-03,104.14761352539062,104.79332445835452,101.44819260034387,101.6903307791115,28087700
2023-04-04,103.15215301513672,104.65880971486472,102.389857977542,104.26421387501834,16365500
2023-04-05,104.91888427734375,104.92785438583896,102.51540836473275,103.44810122478054,16479500
2023-04-06,103.17906188964844,105.08928451116654,102.92794674140397,104.8023026125039,15778000
2023-04-10,102.72167205810547,104.19245499971903,102.38984649069494,102.93690675043763,13006600
2023-04-11,103.44808197021484,104.21037683790975,102.57816634717288,103.09832306807029,11758500
2023-04-12,103.34048461914062,104.56015249761312,103.07143610874667,104.17452679073648,10919000
2023-04-13,103.82477569580078,103.93239648363904,102.35399247295531,102.77549867258581,12399700
2023-04-14,104.07585906982422,104.62291926703197,103.24181703491621,103.94133483667389,11530800
2023-04-17,102.86515808105469,104.48840546330143,102.61404980327616,103.57364606032262,13260400
2023-04-18,104.87403869628906,105.11617686801522,102.50643657239739,102.58714701557696,17436100
2023-04-19,104.54222106933594,104.83817306784088,103.82476292305508,104.1027815468876,10682600
2023-04-20,103.70818328857422,103.74405688163127,101.54685233384663,103.2508035298323,17038700
2023-04-21,104.04000091552734,104.82022926758272,103.36738649220361,104.4704703148294,14315300
2023-04-24,106.00403594970703,106.62284344118474,103.92341549790495,103.95928909009666,15831300
2023-04-25,104.49738311767578,105.59150377195604,103.69921447818051,105.42111275553697,12179800
2023-04-26,103.53778076171875,105.00856379977199,102.84723294253769,104.0579375743002,15566100
2023-04-27,104.77540588378906,104.9368336398313,103.02660405296665,103.69025529568955,16279200
2023-04-28,106.12958526611328,107.54656130328293,104.77539314405982,105.15205558163015,24381900
2023-05-01,102.83826446533203,105.19690353398629,102.64096313038276,104.02206563283961,17355000
2023-05-02,98.73979949951172,102.18358902777577,98.01337808589618,102.18358902777577,24324100
2023-05-03,96.793701171875,98.47971888554824,96.6412435426882,97.82504466977532,16212300
2023-05-04,95.0987319946289,97.5291117986168,94.98214793336808,96.76681666104244,17177200
2023-05-05,97.46630859375,98.13892297762972,96.43496517003031,97.34972456373163,14968200
2023-05-08,97.85194396972656,99.52002823780154,97.78916689908664,99.09852211685315,11187800
2023-05-09,97.87885284423828,98.8563893891364,97.0448106642451,97.16139470408943,11370800
2023-05-10,96.62329864501953,98.65908205965073,95.69957596422046,98.41693704414394,14884800
2023-05-11,94.87451171875,95.79823447525823,94.1032465965379,95.50228247302121,17165900
2023-05-12,94.86554718017578,95.96863796137738,93.96872785445328,95.34086032805855,12613300
2023-05-15,95.04646301269531,95.8244207212714,94.60321028622401,95.44448981286742,13715600
2023-05-16,92.73973083496094,94.81126883215013,92.28743014303913,94.64844030699584,14795200
2023-05-17,94.82030487060547,95.19119470415309,93.03823926398098,93.52672477809836,14064700
2023-05-18,95.67967987060547,95.80633040654975,94.19613423791458,94.5760720426265,12005600
2023-05-19,96.12294006347656,96.83757594835045,95.72491326644288,96.4033642696264,13359600
2023-05-22,94.95600128173828,96.82852573052489,94.8745835744552,95.74300000996607,12882000
2023-05-23,96.24957275390625,97.89594672502376,95.66158057103006,95.87868293492475,14394400
2023-05-24,97.32604217529297,98.15828054482996,96.54809147370341,97.13607674683463,16340300
2023-05-25,95.58018493652344,96.27672496107373,94.72080948626852,95.83347221817809,14316500
2023-05-26,94.95600128173828,96.74710802324181,94.8293576495738,96.31290325626655,12370300
2023-05-30,94.1147232055664,94.18709296834413,92.82114302754655,93.43627220803629,11938000
2023-05-31,92.43216705322266,93.21012477336824,92.03414024713125,92.53167375474551,24926100
2023-06-01,93.49959564208984,95.50781173375945,91.5999341964642,92.04318692341272,13551900
2023-06-02,95.67063903808594,96.00533711474354,94.5579763603257,95.12787961787431,14112000
2023-06-05,95.24546813964844,96.96421192561886,95.06454374548527,96.96421192561886,10628000
2023-06-06,96.02342987060547,96.13197761016683,94.06044669585476,94.21422726127352,12209800
2023-06-07,98.17638397216797,98.50204101215341,96.54810567380137,96.60237954661207,16027100
2023-06-08,97.86881256103516,98.72818099770215,95.79727484674659,98.39347604682726,13517100
2023-06-09,97.14512634277344,98.24874095677042,96.93707192302237,98.1130493908338,12251600
2023-06-12,96.2676773071289,96.8466216388289,95.48971956736438,95.71586991260847,14112000
2023-06-13,96.28575897216797,98.00449582080898,96.14101945984967,97.13607945157862,13533800
2023-06-14,95.12788391113281,97.79645520685342,94.431336987484,97.19941498658301,16627700
2023-06-15,95.7882308959961,96.81947582362251,95.38116307250785,95.43543694189023,16224100
2023-06-16,95.10072326660156,96.5842687073609,94.9469427163964,96.21338579795085,43128900
2023-06-20,92.9206314086914,94.77505962877724,92.3778720979726,94.69364883787101,17514100
2023-06-21,93.96094512939453,94.6484371893464,92.5678582159753,92.7216387897887,13285700
2023-06-22,93.44532012939453,93.97903160122998,92.85732788470973,93.02919744431144,12455300
2023-06-23,92.63117980957031,93.01111072097203,91.9255918593784,92.80304937336027,17933600
2023-06-26,94.34085845947266,94.90171367901722,92.45023839305718,92.45023839305718,14283400
2023-06-27,94.57606506347656,94.63033893090441,93.41816964638953,94.12376443075131,13227500
2023-06-28,95.34497833251953,95.72490922187494,93.35485133299844,94.35895932740931,13084100
2023-06-29,96.52094268798828,96.54808652056947,95.10071911818073,95.58016353861858,11364400
2023-06-30,97.01850128173828,97.58839768582428,96.62047445259572,97.08182310441451,13544700
2023-07-03,97.20845031738281,98.11305157501886,96.85565637902954,97.23558725086231,7397000
2023-07-05,96.71092987060547,97.62457222936003,95.9781981126126,97.36223701990089,12491200
2023-07-06,93.10157775878906,95.63446452993104,92.65832498938565,95.06456121056542,17961400
2023-07-07,93.31867980957031,94.07854164084338,91.87131210923187,92.19696915165194,21929200
2023-07-10,94.70270538330078,94.75697924883441,92.94777678107624,93.14679015677919,14877600
2023-07-11,95.86058807373047,96.03246450629476,94.8112473930043,95.21832206462088,12576500
2023-07-12,96.33099365234375,97.38033450738166,96.00533662157753,96.79234226285597,13238200
2023-07-13,94.56703186035156,96.09581044578199,93.46341704021084,95.86061214766323,26826800
2023-07-14,91.31046295166016,94.12377371689408,90.9395730834851,94.12377371689408,28181900
2023-07-17,91.7084732055664,91.97080839901436,90.65913933333447,91.11143996309441,18051300
2023-07-18,91.2923583984375,92.45024691834723,90.76768800611592,91.2923583984375,24617800
2023-07-19,91.92559051513672,92.63117845501073,91.18381769353066,91.40996802818569,15556500
2023-07-20,93.54483795166016,93.7709883110038,92.59500368179228,92.75783221658217,15740200
2023-07-21,93.97903442382812,94.42228715630804,93.4091380534968,94.22328065508488,17121500
2023-07-24,95.45352935791016,96.0324805588672,94.042353490826,94.40419540333899,15090900
2023-07-25,95.5982666015625,95.96914954940382,94.56702166153109,95.03741130547724,14116100
2023-07-26,95.06453704833984,95.63444022285513,94.65746926787989,95.08263293726131,15159600
2023-07-27,95.36306762695312,96.7832913954252,94.74793846535987,95.88773803863332,17677900
2023-07-28,94.2232894897461,95.12789093153754,92.55881924803798,95.08265809882344,17566400
2023-07-31,97.00943756103516,97.57029282894206,95.1550091118777,95.1550091118777,24197000
2023-08-01,96.44859313964844,97.08181128934662,95.4625741333353,96.7471063236146,14177400
2023-08-02,95.24546813964844,96.23148020698791,94.59415412378091,96.12293247204997,13484100
2023-08-03,96.9009017944336,97.58839387045082,95.2545275676584,95.78823906626867,16280400
2023-08-04,97.17227172851562,98.81864584791495,97.09086092280769,97.66075726744425,14279600
2023-08-07,96.97325134277344,98.07686597319973,96.3490811726686,97.6064763593845,12410800
2023-08-08,97.45270538330078,97.470794373412,94.83840116157592,95.92392691038317,14065600
2023-08-09,99.10811614990234,99.88607381948084,97.9773645256964,98.33920642575434,19919600
2023-08-10,99.61469268798828,100.98063561395394,98.99956355850844,99.67801449977769,15837200
2023-08-11,101.16156768798828,101.37867007324418,99.55137843601625,99.84085058354424,14047000
2023-08-14,101.24296569824219,101.29724646386589,100.21172087166553,101.02586334042591,12973400
2023-08-15,98.64372253417969,101.10616466424442,98.4704371470097,101.00584227779177,14909600
2023-08-16,96.98385620117188,99.71079124702548,96.92913742370843,98.7531708926021,13695100
2023-08-17,98.86262512207031,100.45865456421308,97.96884557289046,97.96884557289046,16709500
2023-08-18,100.35832977294922,100.50424884310523,98.15125078105258,98.16948805552109,16224000
2023-08-21,99.14533996582031,101.21562188296137,98.62549069712657,100.65016899355555,11092400
2023-08-22,98.5890121459961,100.06648182882462,98.45220823789674,99.5648698185056,10518800
2023-08-23,97.72257995605469,97.85938383750579,96.41839594140518,97.62225757353285,11435600
2023-08-24,96.99297332763672,98.28803535398288,96.73760976842877,97.05681421743871,10818500
2023-08-25,98.7258071899414,99.34597882059161,97.23922248267972,97.97795377869866,13579300
2023-08-28,99.55574798583984,100.35832019040565,98.89909483749722,98.90820999479311,10382100
2023-08-29,100.14855194091797,100.34007461359296,98.8808492802584,100.01175500196102,9665000
2023-08-30,101.12439727783203,101.36152354017459,100.30358791103794,100.72311470863819,11922100
2023-08-31,101.40714263916016,101.61690259092599,100.88729338034054,101.34330174625724,17479800
2023-09-01,103.53213500976562,103.80574280906455,102.328273217494,102.328273217494,14843500
2023-09-05,103.54125213623047,105.63889327475555,103.51389274924593,104.0611013633418,18304000
2023-09-06,104.4350357055664,104.50799175438979,103.26765542676843,103.49565960491289,13325500
2023-09-07,103.92431640625,105.65714979840432,103.69631219565433,104.56273237079965,13248500
2023-09-08,105.43826293945312,105.83955255856968,104.26176043097264,104.4532831242412,14283200
2023-09-11,104.11583709716797,106.4141162804052,103.57774358828581,105.95810789849708,14383600
2023-09-12,107.15283203125,107.3169953031605,105.12815399706538,105.19199488291198,20145800
2023-09-13,106.19522857666016,107.58149092260453,105.70273871532673,107.07988590397379,13472800
2023-09-14,108.09220886230469,108.21989759309463,107.00691379473557,107.20755856837508,15210700
2023-09-15,106.43235778808594,108.0831129277943,106.2499572113209,107.52678212308415,34568400
2023-09-18,107.2896499633789,107.83685862200694,106.43235199137575,107.18932756418127,14045300
2023-09-19,107.0069351196289,108.38407550744421,106.35028189617825,108.1834376519553,12562900
2023-09-20,106.15874481201172,107.63620740640849,106.08578180637515,106.2864265928081,11879900
2023-09-21,104.66304016113281,107.04340434392125,104.51711414682862,106.68771838172393,14400600
2023-09-22,104.82720184326172,106.41410895478015,104.70863521892097,105.52945164147714,13197300
2023-09-25,106.00370025634766,106.38674558649682,104.72687553104885,104.96399485458787,11316000
2023-09-26,106.1678695678711,106.45971463954095,105.21937134541022,105.33793101391707,11805400
2023-09-27,109.62440490722656,109.89801270135541,107.07076231394343,107.51764855009432,23976200
2023-09-28,108.9586410522461,110.08041774600493,107.79126073822837,109.42377153797162,16808100
2023-09-29,107.23492431640625,108.6941496319941,106.45971151982538,108.62118662668092,18813600
2023-10-02,105.45648193359375,107.42644122253597,104.47150924725743,107.18931494705926,14395000
2023-10-03,105.6388931274414,106.19522385580134,104.909277004241,105.28320718086835,13297100
2023-10-04,101.68985748291016,104.05197728991784,100.7778408238706,104.01550274671499,19622200
2023-10-05,99.40071105957031,101.14266652210149,99.13622534733665,100.13944941378713,20128800
2023-10-06,97.74083709716797,98.74405416820602,95.86208474823475,96.42753765939315,25367500
2023-10-09,101.16089630126953,102.2097169560314,99.88407145886968,100.72313215756054,22369900
2023-10-10,100.73224639892578,101.64426314118182,100.4312861621643,101.2520956636863,13892000
2023-10-11,97.12065887451172,97.74083052441661,95.60671473270992,97.54930784758155,57939000
2023-10-12,97.1024169921875,98.35187539005716,96.75584620072637,98.12387122015276,31183000
2023-10-13,100.20328521728516,100.50424546378002,98.35188532579522,98.52517073903148,30276500
2023-10-16,100.27623748779297,100.9420127676342,99.52838404149576,100.77784947658674,18452000
2023-10-17,101.58953857421875,101.96346875714056,100.02999086880726,100.07559448657558,19775400
2023-10-18,103.01228332519531,103.41357289918874,101.87226245192784,101.98170696069019,23380300
2023-10-19,103.07613372802734,103.94255384654826,101.53483009666434,102.80253286807536,20972500
2023-10-20,101.30683135986328,103.34974711509071,101.04234564362952,102.98493899069462,22445300
2023-10-23,99.82022094726562,101.19736805619287,99.11797117858004,100.89640088755552,18185000
2023-10-24,98.85348510742188,100.15766920805214,98.60724367108354,100.04822470404903,16786100
2023-10-25,99.03588104248047,99.865819503372,98.61635423388081,98.97204015765301,22047300
2023-10-26,98.13299560546875,98.8078860157211,97.12977862630764,97.99619170873423,18768300
2023-10-27,96.26336669921875,100.19415649988032,95.72527322110759,99.30949917626616,23092000
2023-10-30,96.56432342529297,97.05681326671345,95.95327392058304,96.4366416469397,19379900
2023-10-31,96.53697204589844,96.81970197124865,95.34223232443232,96.2907305838302,22185200
2023-11-01,96.34544372558594,97.74082816464914,96.18128044109996,97.15713803272905,28984900
2023-11-02,99.51013946533203,99.5831024689174,96.21775872849298,96.56432255832104,25212700
2023-11-03,98.29715728759766,99.20917397344752,97.16625854542164,98.86261013775321,30555600
2023-11-06,96.55521392822266,98.74404851866058,96.46400668850818,98.65284823708159,19097300
2023-11-07,95.041259765625,95.63407201408336,94.20220606898545,95.2783860566354,20272500
2023-11-08,93.87389373779297,95.67056802815831,93.83741222917065,94.6035099939667,19184100
2023-11-09,93.90123748779297,94.82237629218966,93.81003721049734,94.54876850216763,18380500
2023-11-10,94.62173461914062,95.22366899373122,93.85564391490027,94.78589790692575,17825500
2023-11-13,95.61583709716797,95.88944491791874,94.67646091506543,94.8953499549204,15308400
2023-11-14,95.98397827148438,96.47176608306134,95.5974302345852,95.99318380239036,18260500
2023-11-15,95.40415954589844,96.77548878471919,95.25689913331377,95.68026228685028,20137600
2023-11-16,94.29972839355469,95.04521492934765,93.09406359680055,94.7046875101647,22469100
2023-11-17,96.60061645507812,97.0331851293406,94.5666294525306,94.85193771778339,22984900
2023-11-20,96.17725372314453,97.4473431583524,96.11282904936796,96.98716491087323,17458800
2023-11-21,96.14044189453125,96.36132549474924,94.99920176801474,95.91035276295662,14989000
2023-11-22,95.72627258300781,95.82751235028537,93.8211350869625,94.41016263016168,18072000
2023-11-24,96.24168395996094,97.07000625765535,95.63425228949386,95.73548504976903,9480800
2023-11-27,95.68025207519531,96.08521114482019,94.96237519486917,95.80910141157374,18013500
2023-11-28,95.62503051757812,96.5545924394401,95.60661945755439,95.93794832036139,20629500
2023-11-29,94.18928527832031,96.25088899114475,93.54503850666467,95.96557368790023,26802100
2023-11-30,94.55741882324219,96.15884408694542,93.7014870518706,94.8979532343943,29254700
2023-12-01,94.78750610351562,95.91954759415539,94.07883474689626,94.33653342203057,17845300
2023-12-04,94.2721176147461,95.12804945004895,93.49901449490984,93.99600785299823,21523900
2023-12-05,92.44059753417969,94.18926904785046,92.30254267211042,94.1248443817864,22250300
2023-12-06,91.2165298461914,92.69830431720459,90.5078514356568,92.03564653864433,31154800
2023-12-07,90.58149719238281,92.80875853585088,90.27777782142886,91.90681297708095,29990700
2023-12-08,91.62149047851562,91.84237406782894,90.88520248512096,91.13369564537811,22074900
2023-12-11,91.6859130859375,91.90679667027507,90.72874152479129,91.85157752963131,22252300
2023-12-12,90.24095916748047,90.82078124450076,89.7163562344346,90.82078124450076,26084000
2023-12-13,91.04165649414062,91.14289626331923,89.88201244643305,90.23174536247404,19915400
2023-12-14,93.48981475830078,94.00521215025105,91.77795111016553,91.8975949270789,26165700
2023-12-15,92.86397552490234,92.9560097737911,92.3209615194614,92.57866022505516,55527000
2023-12-18,93.55423736572266,94.89795698059861,93.4345865296895,93.9960045428465,21610400
2023-12-19,94.78750610351562,94.97158160129891,93.68308120386506,93.87635521021579,18904700
2023-12-20,93.20449829101562,95.6618554463188,93.07564894465669,95.25689634532628,20988900
2023-12-21,93.62785339355469,93.88555204482083,92.78112022570099,93.38855877948114,19250900
2023-12-22,93.79352569580078,94.74149168050366,93.71068996707022,94.16166264467638,12927800
2023-12-26,94.00521850585938,94.82433528277275,93.98681446422951,94.55743103767824,16835100
2023-12-27,93.56343841552734,94.3825550797368,93.2689176158668,93.91317133248073,14558800
2023-12-28,92.21051025390625,93.51741466080689,92.15528409493378,93.31493512868609,16329300
2023-12-29,92.01724243164062,92.57865341509435,91.68591354260273,92.37618089113792,17746400
2024-01-02,94.20767974853516,94.88874150458159,92.81793964672416,92.88236431254258,23483000
2024-01-03,94.99919128417969,95.3673352584244,93.5634375085638,94.1248484676282,23490800
2024-01-04,94.1708755493164,96.24167764683322,93.92238238719,95.79070493391202,19395200
2024-01-05,94.45619201660156,95.16487050592843,93.99601373274481,94.95318540577846,15827400
2024-01-08,92.88236236572266,92.99280765699442,91.02324560409977,92.70749943174462,23370100
2024-01-09,91.73193359375,93.22291369910991,91.29016639185578,93.22291369910991,19496600
2024-01-10,90.82997131347656,91.85156743367155,90.34218356670561,91.85156743367155,18206100
2024-01-11,90.81157684326172,91.57547444597388,90.7103370635402,91.15211128612165,15833400
2024-01-12,91.98961639404297,92.63387006624889,91.27173954875906,92.16448635134715,18041700
2024-01-16,89.90962982177734,92.04485664678835,89.7623694095462,91.8699866627046,20235700
2024-01-17,89.25617980957031,90.15812528123526,88.88803579140043,88.90643983251552,18384000
2024-01-18,89.09050750732422,89.35740469968768,88.18855509332055,89.27457598931885,20940300
2024-01-19,89.22855377197266,89.29297844170193,88.73156747506819,89.01687572361749,20088400
2024-01-22,89.10890197753906,89.36660063336265,88.1425249964389,88.99845668714535,19955900
2024-01-23,90.11211395263672,90.65512095134049,89.02609293346586,89.09971612155628,15863400
2024-01-24,91.6675033569336,91.713523989314,89.95563975446977,90.4894481943268,17330600
2024-01-25,93.99600982666016,94.04203046183875,91.68591999336665,92.3209612239002,22089500
2024-01-26,94.79670715332031,94.87033734895353,93.13086435225006,93.84874120526902,20817200
2024-01-29,94.9163589477539,94.98078361891764,93.74750933613677,94.77831109651912,18317500
2024-01-30,96.4993667602539,96.52697632866456,93.9683866700997,94.25370192778801,19610900
2024-01-31,94.62184143066406,96.52697894196058,94.58502633119912,96.39812960471441,22415300
2024-02-01,94.23530578613281,95.72628591220523,93.52663433827465,95.32132678670733,19240700
2024-02-02,93.84876251220703,95.717085264562,93.51743357839632,95.48699611729141,21973400
2024-02-05,93.46220397949219,94.22609452647544,92.49582686030628,93.37016271346478,17190900
2024-02-06,94.10645294189453,94.83353542581754,93.48061023559137,93.94078848958596,13347900
2024-02-07,94.07884216308594,94.54822594223175,93.12167056444635,94.10645173448931,13826800
2024-02-08,95.68946838378906,96.10362600854677,93.97760469706802,94.18928276420623,19636900
2024-02-09,93.66466522216797,96.49015901339195,93.6002405567692,95.80909726178172,20410500
2024-02-12,94.95317077636719,95.16485584390291,93.87635544327027,94.02361584186248,18173100
2024-02-13,94.13573455810547,95.76132703323654,93.44834315298729,95.45479212406188,18917400
2024-02-14,93.6712646484375,95.32473011293195,93.28112421741933,94.62804773453394,17651300
2024-02-15,96.35582733154297,96.55089756068007,93.4483348002125,93.4483348002125,23196300
2024-02-16,96.35582733154297,97.1918405744105,96.16075001538573,96.61592097039244,20151400
2024-02-20,95.44549560546875,96.718104764869,95.35260602958283,96.4580040305599,17650000
2024-02-21,97.39620208740234,97.51696491070253,95.66842909775174,95.69629526096867,20991300
2024-02-22,97.31261444091797,97.91640736363676,96.09573751103274,96.75526985341637,20470700
2024-02-23,96.45800018310547,96.69022765706752,95.56624753353363,96.4951574293818,15975900
2024-02-26,96.8388671875,97.47981735327832,95.72417802590546,96.34654602301207,13360800
2024-02-27,96.6344985961914,97.67488026602038,96.46729452580854,97.23829146629733,16360000
2024-02-28,96.90389251708984,97.93498320108213,96.60664159566096,97.04323043679548,14810500
2024-02-29,97.08966827392578,97.60057159922124,96.81099953132704,97.23829727292836,17566100
2024-03-01,98.31582641601562,98.82672972701226,97.88852868637323,98.20436175690404,18460100
2024-03-04,96.94105529785156,98.32512931529685,96.63451327441761,98.14864122148876,18138000
2024-03-05,98.13005065917969,98.71526140085173,96.9038897573282,97.09896000455221,19952700
2024-03-06,99.17971801757812,99.92284885565232,98.60379835074048,99.0403871865825,20472800
2024-03-07,99.73706817626953,100.30370383712348,99.02180351524763,99.02180351524763,15195400
2024-03-08,100.67524719238281,100.69382935815091,99.17970176393966,99.60700653236891,16281500
2024-03-11,101.26976013183594,101.36265679691202,99.70919112463278,100.55450258508556,17577300
2024-03-12,100.61952209472656,101.51127476609985,100.35013736790229,101.30691345009384,14957200
2024-03-13,101.74351501464844,102.50522095998005,101.35337450077591,101.38124066790664,17122200
2024-03-14,103.54559326171875,103.6199077586046,101.89213468462134,102.02218151066133,22121000
2024-03-15,103.35981750488281,104.31660080355327,102.96967698718488,102.96967698718488,38264400
2024-03-18,104.31660461425781,104.83679199019093,103.2019082682307,103.84285849002076,16770500
2024-03-19,105.05043029785156,105.42199572162103,104.09365411538434,104.24228311970053,14878800
2024-03-20,104.9575424194336,105.33839893391776,104.15867922580347,104.70673982935023,16119700
2024-03-21,105.42198944091797,105.81213701049371,104.56739397807692,104.89251104687291,14878000
2024-03-22,105.42198944091797,105.60777568524465,104.79962146821985,105.41270544396706,14701900
2024-03-25,106.49952697753906,107.54919266766788,105.737821103503,105.737821103503,14011700
2024-03-26,105.70065307617188,106.806058069641,105.34766988318246,106.50880720001314,13152300
2024-03-27,106.79678344726562,106.88038194519294,105.34768612035876,105.41270953664251,12415700
2024-03-28,107.97650146484375,108.17157172352314,106.88038733010629,107.31697618444545,18482100
2024-04-01,108.67316436767578,108.90539183658774,107.17761890092116,108.13440202593517,13817000
2024-04-02,110.80037689208984,111.09762779043602,108.98900533763975,109.53705880236348,19919600
2024-04-03,110.8189697265625,111.23697640643375,110.28949129144904,110.98617381591522,16504300
2024-04-04,111.20911407470703,111.35773599980111,110.20588950399191,110.5867460322717,18467400
2024-04-05,112.74180603027344,113.46635467564961,111.13478865789703,111.45062173412448,21720600
2024-04-08,111.9801025390625,113.08550061203319,111.66426945605599,112.47242370164065,17513900
2024-04-09,112.5653076171875,113.00189642603108,111.78501957676015,112.39810354331168,14132300
2024-04-10,113.5127944946289,113.76360415304086,112.14730280391055,112.60246670081666,17409200
2024-04-11,113.13195037841797,113.96797080046274,111.7850266187289,113.96797080046274,17555900
2024-04-12,111.8128890991211,114.95260206271898,111.16264790594812,114.20947129538423,21556200
2024-04-15,111.17194366455078,113.03905465790676,110.9582912566758,112.48170301545744,15029500
2024-04-16,110.25232696533203,111.673558090126,109.53706231737674,111.0604741061643,18082200
2024-04-17,110.19658660888672,110.86540291768445,108.79393766423546,110.12227919781411,14538600
2024-04-18,110.09440612792969,111.20910234011053,109.58350989848985,110.54028603020615,13821400
2024-04-19,111.35771942138672,112.33307767887878,110.49383290638586,110.68891022750051,21572400
2024-04-22,111.9893798828125,112.92758090477082,110.01080426575146,110.78180121535108,16340700
2024-04-23,112.42597961425781,112.45384578118914,110.95830006835807,111.46920341883617,13929800
2024-04-24,112.4445571899414,112.63962743751277,110.90256320387137,111.74787469703476,12101200
2024-04-25,112.70464324951172,113.10407480197719,110.91184680523926,112.42596743634219,16041000
2024-04-26,109.57421112060547,110.63316784125826,107.95790987650702,110.54027826852067,27289500
2024-04-29,111.13479614257812,111.51565265911684,109.38844782618646,109.38844782618646,17309900
2024-04-30,109.86216735839844,111.65496369345618,109.59278973230376,110.64245533552683,21083300
2024-05-01,107.78141784667969,110.04796033957723,107.43772570890185,109.8714651853538,27777700
2024-05-02,107.97650146484375,108.92399367788218,107.66067545184507,107.99508363444437,25513600
2024-05-03,107.75355529785156,107.81857871153323,106.01649112232603,107.75355529785156,28023300
2024-05-06,108.45023345947266,109.9271968345814,108.12511640397894,108.37591896478258,31401300
2024-05-07,107.91146850585938,109.22123495309287,107.68853209950792,108.94255912988814,30122000
2024-05-08,107.89290618896484,108.63602999372357,107.20551472063214,107.48418348978363,18957200
2024-05-09,110.02010345458984,110.10370195341763,107.9300559396441,107.93933993705548,17564000
2024-05-10,109.57421112060547,110.22445230380883,109.22122790939457,110.11298056431166,13648100
2024-05-13,109.52777099609375,110.57743664408449,108.79393131603963,110.00150994799867,15060600
2024-05-14,110.19265747070312,110.25820903452438,109.07828088574175,109.36857964772379,15079100
2024-05-15,111.04483032226562,111.28830346656066,108.70369293384505,110.13646787242496,18244300
2024-05-16,110.37994384765625,111.71907466728297,110.07091200976146,111.00736692853305,15745200
2024-05-17,112.03748321533203,112.21541196364801,110.46423842301243,110.7826368597576,15104500
2024-05-20,111.12911224365234,112.2715884776192,111.01674221708814,112.12175939400538,11551300
2024-05-21,110.36121368408203,111.85954016505741,110.29566212380762,110.87626676094118,14495000
2024-05-22,108.14181518554688,109.99599188983639,107.65485463572465,109.99599188983639,17879300
2024-05-23,106.29700469970703,110.04282454638921,106.15653502653957,108.25419214019797,15979800
2024-05-24,106.21272277832031,107.76724148420136,105.85687245575474,107.5424871435009,12212900
2024-05-28,107.56122589111328,107.79533964986209,105.88497052112172,106.30637242903558,13978300
2024-05-29,106.40937805175781,107.27092207333358,105.64148524494661,107.25218897254683,13902000
2024-05-30,106.74649810791016,106.87760122978297,105.78195064930976,106.07224939851609,14683700
2024-05-31,109.80870819091797,110.02408882600574,106.74649653821348,106.86824025286536,29037400
2024-06-03,107.1772689819336,108.9659014127667,106.53111990779634,108.9097164005594,19589300
2024-06-04,105.51038360595703,105.90369299301118,103.87158734864674,105.81941547203587,19412200
2024-06-05,105.93180084228516,105.99735241186698,104.39601508815197,105.716413031039,14863500
2024-06-06,106.72777557373047,106.7933271367682,104.98596873348852,105.58529935114332,13154100
2024-06-07,105.58529663085938,107.59867622169506,105.51037851943657,106.55921064560279,13289200
2024-06-10,105.89432525634766,106.96188330555805,105.53846781022143,105.87559215677041,15239700
2024-06-11,105.04215240478516,105.51037989038507,104.23680055798654,105.34181770978573,12462400
2024-06-12,103.88095092773438,106.10035179620077,103.51573405811875,106.10035179620077,13606800
2024-06-13,103.0475082397461,103.81540104787005,102.7478429279071,103.79666794705129,14466900
2024-06-14,102.17660522460938,103.2067042916905,101.68964462553382,103.02877555611467,13313400
2024-06-17,101.47425842285156,102.50435743354724,101.30569624694978,102.23278464211747,21147900
2024-06-18,102.429443359375,103.6842967504422,101.88630489969782,102.10168554459105,17762900
2024-06-20,104.63947296142578,105.46355788089433,102.62609341215718,102.92576585166152,17433200
2024-06-21,103.72175598144531,105.53847379126674,103.72175598144531,104.78931409115606,52212500
2024-06-24,106.80269622802734,107.25219062967011,104.54583623552134,104.54583623552134,16266700
2024-06-25,107.10235595703125,107.27091813500049,106.25017851713561,106.85887566783474,14188900
2024-06-26,107.13981628417969,107.5237591057536,105.95051447423096,107.12108318385839,15771800
2024-06-27,107.59868621826172,107.682963743004,106.8588858745444,107.682963743004,16812700
2024-06-28,107.80470275878906,109.13446715132612,107.39266027027938,108.49767746207695,24565900
2024-07-01,107.65486145019531,109.32175013750224,107.25218553121566,108.3572026708865,11972900
2024-07-02,106.92443084716797,108.5725936270179,106.27827461899028,108.53513457013669,13326700
2024-07-03,107.46758270263672,108.31039366999862,107.00871458760442,107.00871458760442,7732900
2024-07-05,106.16590118408203,107.34582928732328,105.52911152671727,107.32710333177623,12631000
2024-07-08,105.05152893066406,106.33447493508666,104.33982108448483,105.24818363594021,13350500
2024-07-09,103.89031982421875,105.38864639296472,103.59065451046955,104.04951545927011,11727000
2024-07-10,104.80803680419922,104.84549585973336,103.40335437229831,103.87158184959861,10004100
2024-07-11,106.05352783203125,106.11907939568047,103.88095253661983,104.34918003256698,13082700
2024-07-12,106.07225799560547,106.8963429936939,105.47292734858743,106.74650675964696,11684900
2024-07-15,107.88897705078125,108.77861356574759,106.36255801020903,107.00870708606926,13032500
2024-07-16,108.6662368774414,108.95653563535075,106.48429505651212,107.08362567292242,13614100
2024-07-17,110.16456604003906,110.67025259927861,109.14383351562596,109.32175510797316,13602800
2024-07-18,111.25086212158203,112.29968719867219,109.97728268975683,110.45486961825254,13033600
2024-07-19,108.69432067871094,111.3257566789111,108.50703255530131,111.0541838987584,16157700
2024-07-22,107.94515991210938,108.57259016412705,107.299010849125,107.86088239525311,12065900
2024-07-23,106.20336151123047,107.85151711330745,105.97860717446908,107.51439275274979,11251700
2024-07-24,107.7016830444336,107.87960462206416,105.88495820164758,106.54047379204249,14925200
2024-07-25,109.96791076660156,110.5297823368202,107.2802823486859,107.85152046937385,17021700
2024-07-26,109.87425994873047,110.52977554963557,109.06890812785609,109.34984032342219,11252500
2024-07-29,108.72241973876953,109.93044749798284,108.0481710225031,109.86489593637829,8861800
2024-07-30,110.66087341308594,111.0635493043948,108.84415577205537,108.9658923365594,12483900
2024-07-31,111.05419158935547,112.14984933538724,111.026099083357,112.03747216680888,15137700
2024-08-01,109.5184097290039,111.89700629366975,108.96590470670525,110.82944816195311,15051500
2024-08-02,109.45285034179688,111.31640080843817,108.08562699265984,108.60068006526606,20403800
2024-08-05,107.4769287109375,108.65686391815397,106.05352036706715,108.19800300490805,18025900
2024-08-06,106.90570831298828,108.28229118836671,106.40938115186377,107.17727398104658,13647800
2024-08-07,108.32910919189453,109.67760660977285,107.93579982654146,108.11372140920064,13660700
2024-08-08,110.398681640625,110.60470288798015,108.37594251436084,108.70370034216003,13851000
2024-08-09,111.29766082763672,111.72842921419087,109.90234505982176,110.39866500205625,12151900
2024-08-12,111.4381332397461,112.53378375941993,110.52040429297833,111.95318629322554,13228900
2024-08-13,110.37059020996094,110.97928740728922,110.03346582819712,110.7638996071571,11585100
2024-08-14,111.39131927490234,112.2809558107166,110.15519896198701,110.59533395465722,12194500
2024-08-15,112.08042907714844,112.93001805409419,111.5045920670206,111.62730871428738,11579400
2024-08-16,111.55179595947266,111.84443906696772,111.0703640897211,111.38187671070611,10056000
2024-08-19,111.89163970947266,113.75130957435277,111.55180119598671,111.7689230470879,12417500
2024-08-20,108.16287231445312,112.00492895851072,108.09679299928182,112.00492895851072,15632000
2024-08-21,107.47374725341797,109.09741856608326,107.3887912252948,108.56878407437077,11752400
2024-08-22,108.30445861816406,108.56877584398295,107.2755011866786,107.40765979958803,10609500
2024-08-23,109.80540466308594,110.18300378215591,108.58765128518996,108.58765128518996,10381400
2024-08-26,112.15596008300781,112.27868395092241,110.37181143846483,111.16477039276445,13671000
2024-08-27,111.08924865722656,112.72236195258554,110.82493140759733,112.29756019959153,9991600
2024-08-28,109.99420166015625,110.99484041545553,109.74876835223186,110.4473220477395,10742900
2024-08-29,111.51403045654297,112.13707007551464,109.83372195995254,110.63611557660364,10753900
2024-08-30,111.33468627929688,111.41020034714184,109.77709429658215,110.24909143061056,13284700
2024-09-03,109.00301361083984,109.58828541722247,107.65310158970242,109.35228686249287,15725100
2024-09-04,107.67198181152344,109.64493353840679,107.59646774515012,108.833097907531,12620600
2024-09-05,106.83182525634766,108.82365365736392,106.73742727378996,108.62541573336145,17200800
2024-09-06,106.33150482177734,107.78525673639237,105.47247385529361,107.22829642005546,13467700
2024-09-09,108.56878662109375,109.64493954852621,106.35040145321473,106.54863939225703,21645300
2024-09-10,104.61344146728516,108.93693681823737,103.99984377040342,108.65373566518288,20913400
2024-09-11,103.57505798339844,104.7361669642754,101.73426473741272,104.57568965831763,19571900
2024-09-12,105.00048828125,105.09488627004085,103.61281551949924,103.74497414422741,15919500
2024-09-13,104.92495727539062,106.17102933730341,104.71727739805446,105.22703513276026,10035400
2024-09-16,106.39759063720703,106.75630585804672,105.43471967489809,105.77455817973761,11729000
2024-09-17,107.7852554321289,107.9646166304558,105.84062973192627,106.02942568650951,12202600
2024-09-18,108.16287231445312,109.15406204202266,107.4359926454636,107.71919382597216,12569900
2024-09-19,109.50334167480469,110.99485443646674,108.73870857640426,109.6543842237804,12660600
2024-09-20,108.81421661376953,109.0407804246675,107.85134562481977,108.99357783020425,36206200
2024-09-23,110.78717041015625,111.19308824279237,108.67262521791694,108.87086315449204,16066300
2024-09-24,110.4945297241211,111.54236391665887,110.28684983700845,111.24027884296443,11984900
2024-09-25,108.34221649169922,110.49452942328482,107.65310472499752,109.96588774786339,13816000
2024-09-26,106.48255157470703,107.12446793647763,104.91551770252124,104.91551770252124,16887900
2024-09-27,109.33340454101562,109.58827979812907,106.90733981087507,107.38877885442706,15964000
2024-09-30,110.65501403808594,110.81549134208865,108.52158488345019,108.99358203788522,13247600
2024-10-01,113.21322631835938,113.8457007129285,109.43724946418527,109.5410894038434,23235900
2024-10-02,114.71417999267578,115.94137541886066,113.46810785010399,115.10122109860191,17129700
2024-10-03,115.71481323242188,116.27176636529033,114.15722132878138,115.07289687464718,16524300
2024-10-04,117.83879852294922,118.17863701344905,115.5732109869851,116.30008335704603,19752300
2024-10-07,118.34855651855469,119.26422485107972,117.86711745560547,118.23527462077126,15714400
2024-10-08,115.20507049560547,117.07417526175524,114.46875606032796,116.94201662989032,14818500
2024-10-09,115.25225067138672,115.71481302393366,114.03450446746089,114.12890244888325,11144900
2024-10-10,116.24344635009766,116.77208080260075,115.44105271266139,116.26233026746091,10243300
2024-10-11,116.6871337890625,117.08360965904788,116.05465934854703,116.20569468859178,8294800
2024-10-14,117.13080596923828,117.30072521898697,115.75257525554537,116.33784706970961,9808100
2024-10-15,113.60969543457031,115.12008464641364,113.07161905278538,114.0533738410095,15771300
2024-10-16,113.90234375,114.63865807444547,113.84569920050899,114.11945838305229,8426800
2024-10-17,113.60969543457031,114.77081141742404,113.00553974983298,113.99673649622284,11204900
2024-10-18,113.28874206542969,113.88345579823489,112.47690650516002,113.69465984556452,12898600
2024-10-21,113.35482788085938,114.67642123178405,113.0149893848472,114.20442412088984,10177800
2024-10-22,113.94010162353516,114.40266398558016,113.2226711883103,113.52474905632721,9201400
2024-10-23,113.53418731689453,113.98730773395557,112.71291691399689,113.25099335807299,8320300
2024-10-24,112.89225769042969,113.69465848493594,112.45802124280138,113.27929875150718,9905600
2024-10-25,112.7978744506836,113.68523137816436,112.63739715165977,113.46810952493435,10714600
2024-10-28,112.24092102050781,112.34476096718763,110.23020860034843,110.24909251907464,11844500
2024-10-29,110.7116470336914,112.49579563105299,110.5134091008851,111.93884246775497,14731000
2024-10-30,110.1546859741211,111.64619134290537,109.95644805552517,111.07036150437673,12303700
2024-10-31,110.2396469116211,112.02379546065293,110.14524892742823,110.58892737544967,20512000
2024-11-01,108.51213073730469,113.23210175157813,108.40829079882234,113.21322503644689,20939300
2024-11-04,111.96715545654297,112.05211147967142,109.43725064877746,109.56940926393574,14965400
2024-11-05,112.29755401611328,112.53355257630234,111.40076236823663,112.41083591776164,10436700
2024-11-06,114.22330474853516,115.08234297679468,112.61851739737278,114.3649053270741,20807700
2024-11-07,114.36491394042969,114.69531051383451,112.91116181534328,114.50651452963322,12184400
2024-11-08,114.32714080810547,114.6197767122662,112.95835206698115,114.20442415199712,12836000
2024-11-11,113.72298431396484,114.80857910240489,113.34538518727643,114.22330009593264,11969700
2024-11-12,113.60969543457031,114.51592896167631,113.12825639757204,114.34600972521244,11972800
2024-11-13,114.66698455810547,115.21450296048353,112.14652159826448,113.81738827891618,15127900
2024-11-14,114.74311828613281,115.99942953520414,114.52421958420231,115.79005037809654,13041800
2024-11-15,113.55342864990234,115.39030868034939,113.38211315053942,114.59084119084585,19051700
2024-11-18,114.50518035888672,114.80022815776562,113.51535827574796,114.0102729479599,14239700
2024-11-19,112.90624237060547,113.972206329883,112.49698906368766,113.972206329883,11584400
2024-11-20,114.51470184326172,114.6574659727134,112.91575956823054,113.42018653251256,11360900
2024-11-21,116.04701232910156,116.63710062727756,114.4671020120261,115.2380253434609,14675400
2024-11-22,115.91376495361328,117.26524974507701,115.77100083929597,115.94231632421985,13323400
2024-11-25,114.18159484863281,115.99943590015317,113.83896382905982,115.57115075632971,26580300
2024-11-26,112.27808380126953,113.90557738879032,112.16387104974203,113.76281326470219,14827300
2024-11-27,111.98303985595703,113.0014132601893,111.76413390419059,112.39228586523018,11079100
2024-11-29,112.26856231689453,112.78250879796094,111.30729164334709,111.77365492472957,9426500
2024-12-02,112.16387176513672,112.49698321594367,111.18356924078267,112.35422635223,12687300
2024-12-03,111.9925537109375,112.99189530183139,111.6023395235525,112.99189530183139,11756600
2024-12-04,108.76612091064453,111.8783512560761,108.36638716796242,111.83076079377749,19520600
2024-12-05,109.24199676513672,110.0414715138106,108.5567347694977,109.17537447452098,15751200
2024-12-06,108.09038543701172,109.23248399303247,108.02376314226527,109.0135852794165,16171100
2024-12-09,107.45269775390625,109.39427081707052,107.30993364048685,109.10874259023171,17412600
2024-12-10,107.23380279541016,108.3854208420565,106.35819345996941,108.10941213085091,20990900
2024-12-11,106.51998138427734,106.96730556314583,105.74906531677998,106.59612321499637,32392200
2024-12-12,106.4248046875,106.95778296474441,105.43498270027153,106.20589874575495,14543300
2024-12-13,105.4920883178711,106.50094942039023,104.93055865493027,106.50094942039023,13106100
2024-12-16,103.2364501953125,105.07333023716676,102.94140965729945,104.88297564708968,20256100
2024-12-17,102.79865264892578,102.95092907024753,101.63751498354416,102.06580013362758,17554000
2024-12-18,101.28535461425781,103.5790783479389,101.18066140791557,102.37986987792723,17114500
2024-12-19,100.41926574707031,102.47504445269246,100.13373749790486,102.20855529282338,20565600
2024-12-20,100.76189422607422,101.01886383487997,99.78158446776459,100.36215323496496,40141200
2024-12-23,101.17115020751953,101.45667119591222,99.85772897254408,100.22891134035409,12285100
2024-12-24,101.26632690429688,102.01821120710892,100.60009672218335,101.38053239856158,7807000
2024-12-26,101.35198211669922,101.86592863028206,100.82852331934868,101.38053349057293,9652400
2024-12-27,101.34246826171875,102.77960730717339,100.6667185378528,101.17115275984722,11943900
2024-12-30,100.6572036743164,101.41860023767516,100.41926588677585,101.17115016675821,11080800
2024-12-31,102.37987518310547,102.69395481840736,100.67623968222937,101.04742206530058,12387800
2025-01-02,102.13240814208984,103.74086982351506,101.72315487894018,103.05560787021473,12685400
2025-01-03,102.65587615966797,103.25547674989454,102.27517426024333,102.78912073527387,14237900
2025-01-06,102.54167175292969,104.48324506278051,102.3322853281489,103.01754735060041,15623700
2025-01-07,103.5029296875,104.74972127552691,103.05560551922898,103.6837647158524,12625900
2025-01-08,101.77075958251953,102.51312438206998,100.89515019132084,102.13242243680969,17858100
2025-01-10,101.39956665039062,104.7877983625723,100.6762337556571,103.45534532320578,19304500
2025-01-13,104.01687622070312,104.34046810191462,101.9610904061202,101.9610904061202,17073400
2025-01-14,104.4261474609375,104.4642183819816,102.62733819399713,103.54101851519813,11191200
2025-01-15,106.12976837158203,106.33915477771055,104.18819523468773,104.74021262152021,14521100
2025-01-16,105.94893646240234,106.3010869977599,105.21609128061873,105.82521142844236,10366600
2025-01-17,106.90069580078125,107.42416187169661,105.47306898332356,105.67293586641337,19298500
2025-01-21,106.09170532226562,106.76744778951304,105.7681061448134,106.64372275002896,20416300
2025-01-22,104.24530792236328,106.18688124447719,104.12158288025017,105.83473068591391,15718000
2025-01-23,104.83538818359375,105.77761976699344,104.32144170320714,104.98766458817968,13726800
2025-01-24,103.41727447509766,105.36835980661017,103.17933670823386,104.92103564310072,14235900
2025-01-27,104.85442352294922,105.12091268586343,103.16030762046445,103.75039595354959,15926700
2025-01-28,102.82719421386719,105.52065168740964,102.58925642845782,105.08284703361059,15862000
2025-01-29,103.42679595947266,103.53148916710997,102.28469748142831,102.51311572478016,12345500
2025-01-30,104.28337860107422,104.54986777503224,103.45535244374574,103.96929896264425,14346300
2025-01-31,101.67558288574219,105.21609852711431,100.98080131172189,105.21609852711431,20376500
2025-02-03,101.92302703857422,102.12290116975106,100.23843070018016,101.49474192613242,14623200
2025-02-04,104.6545639038086,104.959124005573,101.3900569092938,101.56137242036662,14835700
2025-02-05,104.57841491699219,104.70214721509777,103.83605017349909,104.44517033540548,13364400
2025-02-06,103.19837951660156,105.6919701927551,102.77960667874605,105.42547376602921,13411400
2025-02-07,103.63619232177734,104.43566714217022,103.09369440344442,103.53149910409154,10051600
2025-02-10,105.61583709716797,105.67293984840668,104.57842446152155,104.70215677091979,12142200
2025-02-11,106.28205108642578,107.08152584265112,105.47306404665484,106.21542879518077,12713100
2025-02-12,103.0843734741211,105.84993940953846,102.92113029772086,105.67709153857487,18244100
2025-02-13,103.8333740234375,104.10225417604192,102.28734794557859,102.89231913114472,15460000
2025-02-14,103.93900299072266,105.84993417131878,103.80456657843001,104.20787581530794,15733500
2025-02-18,105.76351165771484,106.57973486476887,104.01583088771959,104.31351048263407,20060300
2025-02-19,105.91716003417969,107.67443821510508,105.68669131681608,106.35888075310663,10964700
2025-02-20,107.54959106445312,107.95290027264855,105.58104651179747,106.1764129569201,16325800
2025-02-21,106.29166412353516,107.40556696909005,106.1668250682136,106.89662803158548,14710000
2025-02-24,106.84859466552734,107.415154355052,105.9363466029896,106.52210835303492,13153500
2025-02-25,105.36980438232422,107.67443283083279,104.56317856435808,106.8774190334039,14497000
2025-02-26,105.11053466796875,105.50424656729815,104.20788383632424,105.37940751324953,10446400
2025-02-27,105.77310943603516,106.8678101035605,104.93767689450902,105.63867302607484,15293200
2025-02-28,106.90621948242188,107.14628554216347,104.9952883719898,105.73469593868535,18821700
2025-03-03,103.47808074951172,107.70324504207805,102.27775040084146,107.26151702668055,18706900
2025-03-04,103.2668228149414,104.63039635094316,101.73040141337358,102.13371065761605,19394900
2025-03-05,101.2502670288086,102.10490164347922,99.55059516728343,101.63436687603159,24822200
2025-03-06,103.34364318847656,103.81417062858223,100.21317962257619,101.24066209657384,17150200
2025-03-07,104.6880111694336,106.01318059737575,103.9966270247834,104.10225668429284,19625000
2025-03-10,107.35755920410156,108.09695954344406,104.74563895261751,104.93768889560016,22749100
2025-03-11,104.82245635986328,107.64562846999114,104.46715592513009,107.47278059988247,19904700
2025-03-12,104.79364013671875,105.75390443410868,104.11185336472012,104.71682456086629,14051500
2025-03-13,104.35192108154297,106.4164908186742,103.35324531739029,104.02543473188445,17767800
2025-03-14,107.45358276367188,107.72245561080894,104.0062299204159,104.6112011527099,15890100
2025-03-17,109.23966979980469,109.95026333683661,107.29033442550644,107.35755263406034,19908800
2025-03-18,109.12443542480469,109.98867476764602,108.09695290782535,109.55655143310771,15998700
2025-03-19,110.82410430908203,111.2178088550842,109.30688498513157,109.66217808070316,17315000
2025-03-20,111.29463195800781,111.8419823067261,109.67178297398563,110.16151981007094,16230800
2025-03-21,110.91053009033203,111.38105756058145,109.80622464583055,110.91053009033203,41102800
2025-03-24,111.1986083984375,112.26450235301142,110.9873490811367,111.08337404548202,14207500
2025-03-25,111.95721435546875,112.96549482919703,111.35225046697303,111.80357587280882,12081800
2025-03-26,113.57046508789062,114.44430919096733,113.00391261984066,113.00391261984066,14110800
2025-03-27,113.20555877685547,114.3386709542741,112.60059489976406,113.40721340255261,12740800
2025-03-28,113.05191802978516,113.75290685844962,112.5813832530267,113.4072111281204,10233400
2025-03-31,114.20423126220703,115.14529348137624,113.10953056767993,113.10953056767993,21652300
2025-04-01,114.30986022949219,114.54032160425595,113.24396629763665,114.48270809212376,12425400
2025-04-02,113.95455932617188,114.1178024940098,112.98469768696893,113.68568650238353,12614600
2025-04-03,107.96251678466797,110.86251178050262,107.7704668529516,109.82543189250487,21204600
2025-04-04,100.1939697265625,106.4260900709176,99.70424022711765,105.5042372572018,30841300
2025-04-07,98.849609375,101.59596585878221,94.54762208795243,96.4009324797882,35068500
2025-04-08,96.76583099365234,101.40390935479742,95.07577108820765,101.26947293791513,27147800
2025-04-09,101.59596252441406,102.34496748154783,94.23073001805048,95.42146298572283,30063300
2025-04-10,95.95922088623047,99.65623732635451,93.91386037083365,99.58901911203357,33999300
2025-04-11,99.04166412353516,99.80027383650746,94.86451568101702,96.31451689574816,22884600
2025-04-14,99.28173065185547,100.91417711786498,98.63835529505936,100.85656360120728,18020000
2025-04-15,99.00324249267578,101.22145788715173,98.90721753313329,99.52178606568698,13164900
2025-04-16,100.04994201660156,101.39430620591645,99.57940722410598,99.81947330451726,13607000
2025-04-17,102.67145538330078,104.23669085343057,100.30920612619451,100.5300701348349,17916500
2025-04-21,101.1638412475586,101.43271407592657,99.98272027633709,101.41351201371533,16926500
2025-04-22,103.99662017822266,104.6111887060532,101.92244590211848,101.92244590211848,13147000
2025-04-23,103.10358428955078,104.95689474920692,102.23934492277724,104.48635995015299,14235700
2025-04-24,104.31350708007812,104.55357315233607,102.70986747569147,103.67973645895941,9849600
2025-04-25,104.25588989257812,104.43834244545876,103.15158453386637,103.84297596979842,11245800
2025-04-28,104.31350708007812,104.90887357672247,103.40125893599198,104.42874143220658,13890900
2025-04-29,104.05424499511719,104.50557040939903,103.24761913579239,103.45887846385925,9483100
2025-04-30,101.43270874023438,103.15158260400855,100.01152177183839,103.15158260400855,20379300
2025-05-01,101.57675170898438,102.67145237344852,100.80854470082147,100.92377172261673,18610300
2025-05-02,101.98967742919922,104.66881588936896,100.39564239135231,103.43967867314106,16581900
2025-05-05,99.16648864746094,100.50126273242815,98.97443872258357,100.49165803831377,19624000
2025-05-06,100.54927062988281,101.76881035301628,99.36814968285509,99.76185422311934,16303400
2025-05-07,100.4532470703125,101.10622707475915,99.93470347917237,100.81814485982517,12332200
2025-05-08,101.85523223876953,103.12278079970336,101.15423608840204,101.15423608840204,19196500
2025-05-09,103.04595184326172,103.46847044748878,102.15290581920385,102.88270868298659,10992100
2025-05-12,104.82245635986328,106.05159351342036,104.01583052394437,105.8883430115922,14244600
2025-05-13,105.11053466796875,106.11881516400723,104.68801601039293,104.97609824532837,13350800
2025-05-14,104.16947174072266,104.53436952765608,103.6413234591552,104.53436952765608,15494900
2025-05-15,105.22579956054688,105.29363685777157,102.69642585962279,103.20035901133336,15004300
2025-05-16,104.84784698486328,105.52621995152363,104.13070139872426,105.29363599062734,14042500
2025-05-19,103.18098449707031,104.24700238195618,102.45415311277843,104.24700238195618,16802700
2025-05-20,101.70793151855469,103.42325766020087,101.54318485225515,103.10345008888231,12429300
2025-05-21,100.4577865600586,101.72731627727113,100.43840025037139,101.30090618868215,16716100
2025-05-22,99.78910827636719,100.27366254990984,98.74246927102432,99.87632449662337,13417400
2025-05-23,99.84725189208984,100.27366201652684,98.91690857908208,99.43053492331133,12061600
2025-05-27,100.32211303710938,100.65161378619321,99.72127047290991,100.29304096383667,13043600
2025-05-28,98.9556655883789,101.2039969231541,98.64555117646891,101.06832233005039,14292400
2025-05-29,99.51775360107422,99.67280711536301,98.60678925085277,99.12041556960791,13825300
2025-05-30,99.13980865478516,99.22702487621179,98.06409756158732,99.00413404786934,28645800
2025-06-02,99.86663055419922,100.6419128921345,99.06226875151577,100.54500352410645,17290500
2025-06-03,100.59346771240234,101.42690163423865,99.05258131506825,99.72126856237468,19194300
2025-06-04,99.13980865478516,101.67886835024795,99.13980865478516,100.70975979015704,15648500
2025-06-05,98.68431854248047,99.8666320740645,98.58740917297756,99.79879477604136,13924800
2025-06-06,101.04893493652344,101.27183313349495,99.50805604835381,99.58558649892743,15487800
2025-06-09,101.7273178100586,102.5801306063756,100.62253473998689,101.10708897751697,17087300
2025-06-10,103.90780639648438,104.32452331452156,102.65765564237283,102.80302338470403,17634800
2025-06-11,105.9332504272461,106.01078088368226,103.17129261168118,104.43113665077948,22648200
2025-06-12,106.34027862548828,106.78606764684805,104.87692272482809,105.55529571522099,17469400
2025-06-13,108.65644836425781,109.05377900702386,107.26092974950436,108.87933918017968,28540200
2025-06-16,109.00532531738281,109.66431938094439,107.69702295160855,108.36571017022997,22986100
2025-06-17,110.47836303710938,111.37963418921316,109.61585711015863,110.4299046572404,19451700
2025-06-18,109.69339752197266,111.68006558393269,109.45112038804743,111.0695298681772,17968900
2025-06-20,111.15674591064453,111.48624665698877,109.68370419195463,109.94536024294479,36273300
2025-06-23,108.2881851196289,113.33723967590613,107.72610779120208,113.09496254329947,26631100
2025-06-24,104.99320983886719,107.51289781778655,104.57650028779175,105.87510211023117,24828300
2025-06-25,105.02229309082031,105.86541277218186,104.37298476247835,104.77032280510122,17483200
2025-06-26,106.59224700927734,107.0283502916337,105.19673572938677,105.57468747120208,18304800
2025-06-27,106.00109100341797,106.6988503454803,105.02229668708586,106.5437968215284,22002100
2025-06-30,104.46990203857422,105.47776839893884,104.39237158201962,105.28394965126363,19199000
2025-07-01,105.86540985107422,106.253054727551,103.83997664689235,104.78969883086388,15536900
2025-07-02,107.61949920654297,107.9199204680855,105.46807720704395,106.60193234936017,11892200
2025-07-03,108.73397827148438,108.99564172508072,107.20279235468227,107.43537634054778,11223600
2025-07-07,107.67764282226562,108.58860715114504,106.81513687442865,108.09435976061357,15415900
2025-07-08,110.6624984741211,110.9241545075964,107.42567234196552,107.4644375679824,17913400
2025-07-09,110.28455352783203,110.74002832562124,109.77091979688356,110.40084181930531,10652100
2025-07-10,111.379638671875,111.70913200837082,109.57709629512104,110.19732513511048,14901700
2025-07-11,111.86418914794922,112.18399671227975,110.97261114470416,111.30210447010357,11683900
2025-07-14,110.40084075927734,111.67037794745777,109.72246775315898,111.67037794745777,13220300
2025-07-15,109.42205047607422,110.53651939917212,109.1216217963497,110.14888189220494,10959300
2025-07-16,108.76304626464844,109.99381076178989,108.6370574322415,109.39296085183982,11158900
2025-07-17,108.21065521240234,108.76304674405988,107.65825628703396,108.04590115342944,13151400
2025-07-18,104.44081115722656,108.27848700641627,104.02409424092977,107.67763712435494,32366600
2025-07-21,104.71217346191406,105.40992535173547,104.12101670190538,104.27607021285094,17010400
2025-07-22,105.18704223632812,106.05924140453212,104.28577099480256,104.64434381776182,13970900
2025-07-23,106.53409576416016,106.60193306217856,105.48745682869541,105.56498728177672,12002700
2025-07-24,107.36753845214844,107.52259197731087,105.75881469053272,106.27244843901917,15647200
2025-07-25,106.98957824707031,107.55166294298876,106.31119787118948,107.30938582168368,10548900
2025-07-28,107.99745178222656,108.64675269177111,107.41598077707704,107.57104168343983,12353000
2025-07-29,109.39295959472656,109.50925527090942,107.96837637846804,108.44323745055422,15928000
2025-07-30,108.44324493408203,109.13131109646395,107.82301607239378,108.93749234982809,12996900
2025-07-31,108.19126892089844,109.02470279599133,106.95081126319111,106.95081126319111,17233700
2025-08-01,106.25305938720703,109.06347562277384,105.49715591146874,108.54015612563701,19652000
2025-08-04,104.05318450927734,106.52440680036018,103.7818279128161,105.84603379348519,19129500
2025-08-05,103.92720031738281,104.48928505890846,102.7933450721653,103.90782139933883,21314300
2025-08-06,103.21974182128906,105.68127814152342,103.08406723144006,104.96413257379511,15321800
2025-08-07,102.67703247070312,104.72185179512563,102.61888833243664,103.83027383772435,13468300
2025-08-08,103.50078582763672,104.1888519426181,102.6770377269038,103.2100503340003,14417700
2025-08-11,102.56075286865234,104.20823433770178,102.27001736530904,103.80121054798994,13570700
2025-08-12,102.85147857666016,103.9659547885047,102.51229209315377,103.05499046676398,14109400
2025-08-13,104.27606964111328,104.27606964111328,102.47352729977504,102.7254975716048,17958700
2025-08-14,104.06287384033203,104.26638574937492,103.1519168275274,104.2276279136909,13683500
2025-08-15,104.16068267822266,105.20727767225166,103.63249350424832,103.86724922324527,19271900
2025-08-18,104.38565063476562,104.88449718842561,103.35861492943839,103.77920958007088,13040000
2025-08-19,105.0703353881836,105.10946133942112,103.82811815206907,103.87701999423186,16113600
2025-08-20,106.15605926513672,106.93856338685328,105.32465329988311,105.52027559905606,18959700
2025-08-21,106.84075164794922,107.17331104721137,105.59852692126454,106.04846417689045,12194900
2025-08-22,108.84590911865234,108.9730703319415,107.20265639990329,107.20265639990329,13586700
2025-08-25,109.29584503173828,109.47190808736983,108.12209630253625,108.47422241379935,9744900
2025-08-26,109.05131530761719,109.36431547164318,107.94603511082502,108.93394491017779,18143900
2025-08-27,110.28376007080078,110.50873244358608,108.98285006787607,108.98285006787607,15262600
2025-08-28,110.87062072753906,111.1640616187283,109.61862018848711,110.4011242566505,14189800
2025-08-29,111.79006958007812,112.27913279070275,111.09560071649264,111.23253781846655,14597900
2025-09-02,112.18132019042969,112.71928523765276,110.8510676777316,111.68247363253984,15206700
2025-09-03,109.4621353149414,111.92701070150105,109.02197393206504,111.47707342707002,14920100
2025-09-04,109.94141387939453,110.65544200503547,108.9437207267698,109.65775631492329,12864400
2025-09-05,106.84075164794922,109.33496952995232,106.63533853368457,109.15890647666285,16826700
2025-09-08,107.44718170166016,107.64281145580675,105.97999212686503,107.32981131168427,15440500
2025-09-09,108.22969055175781,110.04900630149459,108.1123126941091,108.1123126941091,14899500
2025-09-10,110.03922271728516,110.09790791473041,108.41552927118416,108.72853689092521,15837600
2025-09-11,109.68709564208984,110.30331259737805,108.44487837785454,108.96328418409082,11534500
2025-09-12,109.7066650390625,110.74347667695436,109.43278336748516,110.39135056172458,11105700
2025-09-15,109.89250183105469,110.00009633429147,108.88503281212152,109.72622213060235,12880500
2025-09-16,112.17153930664062,112.79753962492748,110.31309759687737,110.48916065280257,17208000
2025-09-17,112.76819610595703,112.96381840538344,111.55532143198607,112.02481793561441,13302000
2025-09-18,111.43794250488281,112.82688022000698,110.91953670011902,112.65081716720869,14628700
2025-09-19,110.35222625732422,111.48685652613011,110.17616319707892,111.40860461879606,38746500
2025-09-22,109.5697250366211,110.33266995974442,109.11978775119728,109.99031972163878,15611500
2025-09-23,111.4574966430664,112.24000072243238,110.01965715068778,110.25440538949279,25369100
2025-09-24,112.05415344238281,113.22790955219149,111.96612565196591,112.06393679548866,14756100
2025-09-25,113.0616226196289,113.36484686640543,111.90744067629603,112.13240556058528,15012600
2025-09-26,114.6559829711914,115.77104652046233,113.38441560885875,113.42354156212417,18568900
2025-09-29,111.72160339355469,113.95173048719916,111.18363086547707,113.52135246473706,19189300
2025-09-30,110.28376007080078,111.0075715728927,109.49148001395034,110.87063446337565,18076200
2025-10-01,109.54037475585938,110.54784376589994,108.85568925268005,110.0979065120232,16614000
2025-10-02,108.8556900024414,110.61631307810582,108.60137504414647,109.52081626547348,13062600
2025-10-03,110.78260040283203,111.26188025905991,109.45234787482161,109.45234787482161,12950100
2025-10-06,111.70203399658203,112.25956575657106,110.70434833331672,110.811942836342,12036800
2025-10-07,111.76072692871094,112.00525853390788,109.29584416931891,111.57488052075732,11945000
2025-10-08,111.52597045898438,112.49432098201136,110.92932021185828,111.87809656508286,12301000
2025-10-09,110.44026184082031,112.98338913649347,110.2739746716223,111.92701077194054,10976200
2025-10-10,108.30794525146484,110.15660364768557,108.28837854342899,109.80447752816615,13811600
2025-10-13,109.78490447998047,109.8435971381859,108.88502998762696,109.10021898851849,10296500
2025-10-14,109.83381652832031,110.48915943830576,108.28837499468796,108.33728430066219,11167200
2025-10-15,109.16868591308594,111.08581272316219,108.54268562663296,110.33265869376197,12182900
2025-10-16,108.21990203857422,109.73600091191184,107.97537044368183,109.43277665973709,11782200
2025-10-17,109.78490447998047,110.44025483610798,108.74809288933457,109.18824678205839,13460100
2025-10-20,110.23484802246094,110.6750094028377,109.53060324638079,109.55016249189165,9523600
2025-10-21,110.24462890625,110.88041257753997,109.54037668343724,110.42069196195318,9202300
2025-10-22,112.20088195800781,112.66060257438927,110.60653856264305,110.9684405659551,12938800
2025-10-23,113.44309997558594,114.29406514372475,112.83665893808067,114.07887614775476,15001100
2025-10-24,112.86601257324219,113.92239094994473,112.66060691041326,113.80501308725131,9919400
2025-10-27,113.40398406982422,113.45288591527756,112.58235396357391,113.16922834660261,10975400
2025-10-28,112.51387786865234,113.63872471386321,112.4747519174045,112.96381511423425,9535200
2025-10-29,113.90281677246094,114.48969858493084,112.29869006673762,112.40628456818962,12570600
2025-10-30,112.18132019042969,113.97128584665982,112.02481638304766,113.88325805189164,16172900
2025-10-31,111.8585433959961,112.70951610904078,110.15660543241947,111.48685802493144,20213400
2025-11-03,111.27166748046875,112.47475883970789,111.15428961950117,111.99547896682066,12290300
2025-11-04,111.64334106445312,111.848746702585,110.0489977994227,110.89996294846738,16860700
2025-11-05,111.19341278076172,112.6606024247043,111.18362942696528,111.59444073626622,12400900
2025-11-06,111.99547576904297,112.42585378445636,111.15428644574173,111.15428644574173,14219700
2025-11-07,114.6559829711914,114.93964053548139,112.38672991938411,112.68994672905053,17181100
2025-11-10,115.63410186767578,115.85906675612755,112.9344709686703,114.87116448507929,13048000
2025-11-11,117.15998840332031,118.16745748219556,116.23077123372987,116.23077123372987,16077100
2025-11-12,115.53629302978516,116.67091577303606,115.2135095268513,116.49485272257324,13790900
2025-11-13,116.19163513183594,117.14041892714476,115.6927885818516,116.03513132693413,17291900
2025-11-14,117.70126342773438,117.8887353636572,115.1062932109266,116.87244686746136,17064300
2025-11-17,116.11270141601562,117.90846178816332,115.55029315462276,117.38552169764868,16034900
2025-11-18,117.44471740722656,117.88872867324781,114.92868367757431,115.69829417200403,15808500
2025-11-19,115.78709411621094,116.60604172062995,114.3860079315462,115.29375327419233,15919200
2025-11-20,115.46148681640625,117.42498877850575,115.1852171506071,116.408707853123,14401000
2025-11-21,115.52069091796875,115.81669090021714,114.10973583867872,115.43188565384565,15667600
2025-11-24,114.42547607421875,115.63909032972836,113.21185429092529,115.63909032972836,18034900
2025-11-25,112.98491668701172,114.35640356418065,112.66917886337103,113.64599157904323,14434600
2025-11-26,113.241455078125,114.1985375288773,112.78758240073623,112.88625659268574,11650600
2025-11-28,114.37613677978516,117.15857877347882,113.29078845403497,113.41905436046002,7240800
2025-12-01,115.0766830444336,115.84630108764226,114.55374295204415,114.55374295204415,12658100
2025-12-02,113.84333038330078,115.04708324638574,113.16252513788129,114.88921809084783,14607700
2025-12-03,116.2311019897461,116.40870498878743,114.33666749071055,114.40573490546087,16819100
2025-12-04,115.57988739013672,116.76390235401759,115.10628441569779,115.9350933848577,13686900
2025-12-05,114.9878921508789,117.19805716507028,114.85962623326688,115.19509441522956,12516900
2025-12-08,114.43534088134766,115.44175285038263,113.50785772306068,114.28733712854685,14904200
2025-12-09,116.67510986328125,118.86554441991682,115.33322216241953,115.34309108710077,23790800
2025-12-10,117.94792938232422,118.27353614463954,116.79351361897044,117.14871962735373,19845200
2025-12-11,117.94792938232422,118.75700806191198,117.48418778650247,117.52365595718771,14781800
2025-12-12,117.23751831054688,118.32286666589587,116.7343085399838,117.84926366942325,14459500
2025-12-15,116.19164276123047,117.44472524749287,115.29375877259989,117.42499492509607,16358700
2025-12-16,113.15265655517578,115.28388509197318,113.08358913795975,115.21481767475714,17638700
2025-12-17,115.84630584716797,116.05350810769643,113.63613334596256,113.67560151860383,18502200
2025-12-18,114.9878921508789,115.43189592766112,114.0900081442417,115.43189592766112,13705600
2025-12-19,115.1358871459961,116.00416431060746,114.41560621051228,115.19508563764711,45412800
2025-12-22,116.57644653320312,116.88231545701277,115.77722922241493,115.77722922241493,11768600
2025-12-23,117.82952880859375,118.43140525803896,116.74418042571656,116.89218418878711,12567600
2025-12-24,117.63218688964844,118.45113446144582,117.53352023073174,117.74072247279187,6137400
2025-12-26,117.5236587524414,117.95780111252107,116.95138155556984,117.30658757240157,8066100
2025-12-29,118.92474365234375,119.68449277406494,117.80979604551057,118.54980731774646,14782500
2025-12-30,119.37861633300781,120.17783362594038,119.02341032010088,119.48715192182848,11150500
2025-12-31,118.73727416992188,119.645027070368,118.27354008642878,119.56609072636675,10559900
